Year;Month;Day;Hour;Minute;Temperature
2018;11;01;00;00;9.23
2018;11;01;01;00;8.72
2018;11;01;02;00;7.59
2018;11;01;03;00;7.07
2018;11;01;04;00;6.93
2018;11;01;05;00;7.16
2018;11;01;06;00;7.20
2018;11;01;07;00;6.64
2018;11;01;08;00;7.40
2018;11;01;09;00;9.01
2018;11;01;10;00;10.39
2018;11;01;11;00;11.19
2018;11;01;12;00;10.12
2018;11;01;13;00;12.12
2018;11;01;14;00;13.05
2018;11;01;15;00;14.01
2018;11;01;16;00;14.41
2018;11;01;17;00;13.48
2018;11;01;18;00;12.28
2018;11;01;19;00;11.25
2018;11;01;20;00;11.12
2018;11;01;21;00;11.09
2018;11;01;22;00;11.37
2018;11;01;23;00;11.11
2018;11;02;00;00;10.58
2018;11;02;01;00;10.22
2018;11;02;02;00;10.15
2018;11;02;03;00;10.13
2018;11;02;04;00;10.04
2018;11;02;05;00;9.38
2018;11;02;06;00;8.98
2018;11;02;07;00;8.78
2018;11;02;08;00;9.00
2018;11;02;09;00;10.18
2018;11;02;10;00;10.93
2018;11;02;11;00;11.96
2018;11;02;12;00;12.84
2018;11;02;13;00;12.61
2018;11;02;14;00;13.61
2018;11;02;15;00;14.10
2018;11;02;16;00;14.35
2018;11;02;17;00;13.59
2018;11;02;18;00;12.37
2018;11;02;19;00;10.79
2018;11;02;20;00;10.83
2018;11;02;21;00;10.24
2018;11;02;22;00;10.09
2018;11;02;23;00;9.86
2018;11;03;00;00;9.42
2018;11;03;01;00;8.97
2018;11;03;02;00;8.74
2018;11;03;03;00;8.83
2018;11;03;04;00;8.38
2018;11;03;05;00;7.99
2018;11;03;06;00;7.88
2018;11;03;07;00;7.72
2018;11;03;08;00;7.89
2018;11;03;09;00;8.18
2018;11;03;10;00;8.97
2018;11;03;11;00;11.27
2018;11;03;12;00;14.94
2018;11;03;13;00;12.14
2018;11;03;14;00;13.32
2018;11;03;15;00;14.46
2018;11;03;16;00;14.94
2018;11;03;17;00;13.62
2018;11;03;18;00;11.67
2018;11;03;19;00;10.44
2018;11;03;20;00;9.50
2018;11;03;21;00;8.88
2018;11;03;22;00;8.77
2018;11;03;23;00;8.57
2018;11;04;00;00;8.19
2018;11;04;01;00;8.16
2018;11;04;02;00;8.09
2018;11;04;03;00;7.46
2018;11;04;04;00;7.29
2018;11;04;05;00;6.79
2018;11;04;06;00;6.47
2018;11;04;07;00;6.08
2018;11;04;08;00;6.11
2018;11;04;09;00;8.16
2018;11;04;10;00;10.61
2018;11;04;11;00;12.63
2018;11;04;12;00;14.15
2018;11;04;13;00;15.11
2018;11;04;14;00;16.28
2018;11;04;15;00;16.81
2018;11;04;16;00;16.46
2018;11;04;17;00;14.44
2018;11;04;18;00;12.98
2018;11;04;19;00;12.09
2018;11;04;20;00;10.97
2018;11;04;21;00;10.03
2018;11;04;22;00;9.62
2018;11;04;23;00;9.76
2018;11;05;00;00;9.27
2018;11;05;01;00;9.14
2018;11;05;02;00;9.39
2018;11;05;03;00;9.35
2018;11;05;04;00;8.67
2018;11;05;05;00;8.87
2018;11;05;06;00;9.50
2018;11;05;07;00;9.08
2018;11;05;08;00;9.21
2018;11;05;09;00;10.37
2018;11;05;10;00;11.81
2018;11;05;11;00;13.34
2018;11;05;12;00;15.69
2018;11;05;13;00;16.02
2018;11;05;14;00;16.95
2018;11;05;15;00;17.38
2018;11;05;16;00;17.30
2018;11;05;17;00;16.97
2018;11;05;18;00;15.90
2018;11;05;19;00;13.89
2018;11;05;20;00;12.81
2018;11;05;21;00;11.48
2018;11;05;22;00;10.88
2018;11;05;23;00;10.12
2018;11;06;00;00;9.26
2018;11;06;01;00;8.40
2018;11;06;02;00;8.13
2018;11;06;03;00;8.19
2018;11;06;04;00;8.11
2018;11;06;05;00;8.15
2018;11;06;06;00;8.16
2018;11;06;07;00;8.15
2018;11;06;08;00;8.32
2018;11;06;09;00;9.96
2018;11;06;10;00;12.38
2018;11;06;11;00;14.70
2018;11;06;12;00;16.62
2018;11;06;13;00;17.13
2018;11;06;14;00;17.72
2018;11;06;15;00;17.81
2018;11;06;16;00;18.30
2018;11;06;17;00;14.63
2018;11;06;18;00;13.17
2018;11;06;19;00;13.00
2018;11;06;20;00;12.56
2018;11;06;21;00;12.39
2018;11;06;22;00;11.98
2018;11;06;23;00;11.70
2018;11;07;00;00;11.61
2018;11;07;01;00;11.38
2018;11;07;02;00;11.29
2018;11;07;03;00;11.41
2018;11;07;04;00;11.17
2018;11;07;05;00;11.07
2018;11;07;06;00;10.17
2018;11;07;07;00;8.87
2018;11;07;08;00;8.11
2018;11;07;09;00;9.47
2018;11;07;10;00;12.33
2018;11;07;11;00;14.31
2018;11;07;12;00;15.64
2018;11;07;13;00;15.27
2018;11;07;14;00;16.19
2018;11;07;15;00;16.66
2018;11;07;16;00;16.55
2018;11;07;17;00;16.12
2018;11;07;18;00;15.88
2018;11;07;19;00;15.54
2018;11;07;20;00;14.99
2018;11;07;21;00;14.45
2018;11;07;22;00;12.45
2018;11;07;23;00;12.06
2018;11;08;00;00;11.73
2018;11;08;01;00;11.50
2018;11;08;02;00;11.05
2018;11;08;03;00;10.64
2018;11;08;04;00;10.50
2018;11;08;05;00;10.17
2018;11;08;06;00;9.41
2018;11;08;07;00;8.38
2018;11;08;08;00;8.41
2018;11;08;09;00;8.96
2018;11;08;10;00;9.91
2018;11;08;11;00;10.81
2018;11;08;12;00;11.30
2018;11;08;13;00;13.10
2018;11;08;14;00;13.77
2018;11;08;15;00;14.27
2018;11;08;16;00;14.62
2018;11;08;17;00;14.32
2018;11;08;18;00;13.53
2018;11;08;19;00;12.13
2018;11;08;20;00;11.40
2018;11;08;21;00;11.29
2018;11;08;22;00;11.08
2018;11;08;23;00;10.56
2018;11;09;00;00;10.60
2018;11;09;01;00;10.50
2018;11;09;02;00;10.28
2018;11;09;03;00;9.92
2018;11;09;04;00;9.58
2018;11;09;05;00;9.30
2018;11;09;06;00;9.06
2018;11;09;07;00;8.33
2018;11;09;08;00;8.55
2018;11;09;09;00;10.34
2018;11;09;10;00;12.15
2018;11;09;11;00;13.93
2018;11;09;12;00;15.47
2018;11;09;13;00;15.74
2018;11;09;14;00;16.76
2018;11;09;15;00;17.03
2018;11;09;16;00;16.52
2018;11;09;17;00;15.89
2018;11;09;18;00;15.51
2018;11;09;19;00;14.17
2018;11;09;20;00;12.63
2018;11;09;21;00;11.89
2018;11;09;22;00;11.23
2018;11;09;23;00;9.66
2018;11;10;00;00;8.64
2018;11;10;01;00;7.57
2018;11;10;02;00;6.94
2018;11;10;03;00;6.43
2018;11;10;04;00;6.51
2018;11;10;05;00;6.99
2018;11;10;06;00;8.10
2018;11;10;07;00;8.23
2018;11;10;08;00;7.92
2018;11;10;09;00;8.64
2018;11;10;10;00;11.69
2018;11;10;11;00;14.81
2018;11;10;12;00;17.08
2018;11;10;13;00;15.33
2018;11;10;14;00;16.55
2018;11;10;15;00;17.24
2018;11;10;16;00;17.21
2018;11;10;17;00;16.45
2018;11;10;18;00;16.24
2018;11;10;19;00;13.41
2018;11;10;20;00;13.69
2018;11;10;21;00;13.82
2018;11;10;22;00;13.83
2018;11;10;23;00;14.44
2018;11;11;00;00;13.76
2018;11;11;01;00;13.20
2018;11;11;02;00;13.21
2018;11;11;03;00;12.97
2018;11;11;04;00;12.67
2018;11;11;05;00;12.36
2018;11;11;06;00;12.13
2018;11;11;07;00;12.12
2018;11;11;08;00;11.35
2018;11;11;09;00;12.15
2018;11;11;10;00;13.92
2018;11;11;11;00;16.21
2018;11;11;12;00;17.42
2018;11;11;13;00;18.23
2018;11;11;14;00;18.62
2018;11;11;15;00;18.46
2018;11;11;16;00;17.76
2018;11;11;17;00;16.46
2018;11;11;18;00;14.16
2018;11;11;19;00;13.10
2018;11;11;20;00;12.91
2018;11;11;21;00;11.32
2018;11;11;22;00;10.37
2018;11;11;23;00;10.06
2018;11;12;00;00;9.84
2018;11;12;01;00;9.80
2018;11;12;02;00;9.67
2018;11;12;03;00;9.73
2018;11;12;04;00;9.69
2018;11;12;05;00;9.73
2018;11;12;06;00;10.14
2018;11;12;07;00;10.71
2018;11;12;08;00;11.27
2018;11;12;09;00;12.42
2018;11;12;10;00;14.13
2018;11;12;11;00;15.44
2018;11;12;12;00;16.82
2018;11;12;13;00;16.37
2018;11;12;14;00;17.21
2018;11;12;15;00;18.26
2018;11;12;16;00;18.56
2018;11;12;17;00;18.64
2018;11;12;18;00;14.47
2018;11;12;19;00;13.94
2018;11;12;20;00;13.09
2018;11;12;21;00;12.19
2018;11;12;22;00;11.83
2018;11;12;23;00;11.31
2018;11;13;00;00;11.31
2018;11;13;01;00;11.60
2018;11;13;02;00;11.64
2018;11;13;03;00;11.60
2018;11;13;04;00;11.48
2018;11;13;05;00;11.52
2018;11;13;06;00;12.23
2018;11;13;07;00;10.42
2018;11;13;08;00;11.22
2018;11;13;09;00;11.28
2018;11;13;10;00;11.36
2018;11;13;11;00;11.97
2018;11;13;12;00;12.53
2018;11;13;13;00;15.37
2018;11;13;14;00;15.49
2018;11;13;15;00;14.09
2018;11;13;16;00;13.94
2018;11;13;17;00;13.42
2018;11;13;18;00;13.05
2018;11;13;19;00;12.70
2018;11;13;20;00;12.39
2018;11;13;21;00;11.88
2018;11;13;22;00;10.81
2018;11;13;23;00;9.90
2018;11;14;00;00;8.98
2018;11;14;01;00;8.37
2018;11;14;02;00;8.60
2018;11;14;03;00;8.06
2018;11;14;04;00;7.49
2018;11;14;05;00;7.25
2018;11;14;06;00;7.60
2018;11;14;07;00;8.02
2018;11;14;08;00;8.35
2018;11;14;09;00;9.42
2018;11;14;10;00;10.06
2018;11;14;11;00;11.49
2018;11;14;12;00;12.89
2018;11;14;13;00;14.05
2018;11;14;14;00;14.90
2018;11;14;15;00;15.22
2018;11;14;16;00;14.82
2018;11;14;17;00;13.88
2018;11;14;18;00;12.35
2018;11;14;19;00;10.47
2018;11;14;20;00;9.61
2018;11;14;21;00;9.11
2018;11;14;22;00;8.67
2018;11;14;23;00;8.84
2018;11;15;00;00;9.19
2018;11;15;01;00;8.83
2018;11;15;02;00;8.30
2018;11;15;03;00;7.11
2018;11;15;04;00;6.48
2018;11;15;05;00;5.82
2018;11;15;06;00;4.77
2018;11;15;07;00;3.72
2018;11;15;08;00;3.80
2018;11;15;09;00;5.67
2018;11;15;10;00;7.85
2018;11;15;11;00;9.78
2018;11;15;12;00;11.26
2018;11;15;13;00;11.72
2018;11;15;14;00;12.77
2018;11;15;15;00;13.18
2018;11;15;16;00;12.86
2018;11;15;17;00;11.81
2018;11;15;18;00;10.24
2018;11;15;19;00;8.40
2018;11;15;20;00;7.21
2018;11;15;21;00;6.84
2018;11;15;22;00;6.95
2018;11;15;23;00;7.49
2018;11;16;00;00;7.18
2018;11;16;01;00;6.38
2018;11;16;02;00;5.74
2018;11;16;03;00;5.32
2018;11;16;04;00;5.17
2018;11;16;05;00;4.98
2018;11;16;06;00;4.76
2018;11;16;07;00;4.39
2018;11;16;08;00;4.11
2018;11;16;09;00;4.86
2018;11;16;10;00;6.36
2018;11;16;11;00;7.89
2018;11;16;12;00;9.34
2018;11;16;13;00;9.32
2018;11;16;14;00;10.10
2018;11;16;15;00;10.38
2018;11;16;16;00;9.99
2018;11;16;17;00;8.00
2018;11;16;18;00;6.46
2018;11;16;19;00;6.02
2018;11;16;20;00;4.84
2018;11;16;21;00;4.40
2018;11;16;22;00;3.58
2018;11;16;23;00;2.71
2018;11;17;00;00;1.89
2018;11;17;01;00;1.34
2018;11;17;02;00;1.77
2018;11;17;03;00;1.83
2018;11;17;04;00;1.20
2018;11;17;05;00;0.60
2018;11;17;06;00;0.52
2018;11;17;07;00;0.03
2018;11;17;08;00;-0.44
2018;11;17;09;00;0.11
2018;11;17;10;00;2.12
2018;11;17;11;00;4.22
2018;11;17;12;00;5.67
2018;11;17;13;00;8.05
2018;11;17;14;00;8.01
2018;11;17;15;00;7.26
2018;11;17;16;00;7.67
2018;11;17;17;00;8.51
2018;11;17;18;00;6.38
2018;11;17;19;00;5.72
2018;11;17;20;00;4.81
2018;11;17;21;00;3.98
2018;11;17;22;00;3.30
2018;11;17;23;00;2.50
2018;11;18;00;00;1.82
2018;11;18;01;00;1.39
2018;11;18;02;00;0.92
2018;11;18;03;00;0.38
2018;11;18;04;00;-0.20
2018;11;18;05;00;-0.78
2018;11;18;06;00;-1.21
2018;11;18;07;00;-1.49
2018;11;18;08;00;-1.78
2018;11;18;09;00;-1.20
2018;11;18;10;00;0.74
2018;11;18;11;00;2.51
2018;11;18;12;00;3.78
2018;11;18;13;00;3.24
2018;11;18;14;00;4.56
2018;11;18;15;00;5.68
2018;11;18;16;00;5.88
2018;11;18;17;00;4.92
2018;11;18;18;00;3.46
2018;11;18;19;00;2.70
2018;11;18;20;00;2.16
2018;11;18;21;00;1.40
2018;11;18;22;00;0.68
2018;11;18;23;00;0.02
2018;11;19;00;00;0.52
2018;11;19;01;00;1.72
2018;11;19;02;00;1.05
2018;11;19;03;00;0.40
2018;11;19;04;00;-0.21
2018;11;19;05;00;-1.22
2018;11;19;06;00;-2.36
2018;11;19;07;00;-3.08
2018;11;19;08;00;-2.72
2018;11;19;09;00;-1.63
2018;11;19;10;00;0.61
2018;11;19;11;00;3.37
2018;11;19;12;00;3.70
2018;11;19;13;00;4.73
2018;11;19;14;00;4.05
2018;11;19;15;00;2.79
2018;11;19;16;00;3.86
2018;11;19;17;00;3.41
2018;11;19;18;00;2.64
2018;11;19;19;00;1.69
2018;11;19;20;00;1.18
2018;11;19;21;00;1.31
2018;11;19;22;00;1.28
2018;11;19;23;00;0.36
2018;11;20;00;00;-0.39
2018;11;20;01;00;-0.73
2018;11;20;02;00;-0.89
2018;11;20;03;00;-1.11
2018;11;20;04;00;-1.23
2018;11;20;05;00;-1.57
2018;11;20;06;00;-1.90
2018;11;20;07;00;-1.74
2018;11;20;08;00;-1.63
2018;11;20;09;00;-0.72
2018;11;20;10;00;0.24
2018;11;20;11;00;1.78
2018;11;20;12;00;2.96
2018;11;20;13;00;6.25
2018;11;20;14;00;7.39
2018;11;20;15;00;7.79
2018;11;20;16;00;7.36
2018;11;20;17;00;5.90
2018;11;20;18;00;3.93
2018;11;20;19;00;2.12
2018;11;20;20;00;1.72
2018;11;20;21;00;2.08
2018;11;20;22;00;2.60
2018;11;20;23;00;2.36
2018;11;21;00;00;2.20
2018;11;21;01;00;1.91
2018;11;21;02;00;2.21
2018;11;21;03;00;2.11
2018;11;21;04;00;1.67
2018;11;21;05;00;0.64
2018;11;21;06;00;1.19
2018;11;21;07;00;1.44
2018;11;21;08;00;0.83
2018;11;21;09;00;1.08
2018;11;21;10;00;2.70
2018;11;21;11;00;4.03
2018;11;21;12;00;5.04
2018;11;21;13;00;6.43
2018;11;21;14;00;7.41
2018;11;21;15;00;7.83
2018;11;21;16;00;7.86
2018;11;21;17;00;6.70
2018;11;21;18;00;5.56
2018;11;21;19;00;5.20
2018;11;21;20;00;5.07
2018;11;21;21;00;5.00
2018;11;21;22;00;5.05
2018;11;21;23;00;4.85
2018;11;22;00;00;4.77
2018;11;22;01;00;4.58
2018;11;22;02;00;4.28
2018;11;22;03;00;3.81
2018;11;22;04;00;3.44
2018;11;22;05;00;3.74
2018;11;22;06;00;4.17
2018;11;22;07;00;4.22
2018;11;22;08;00;3.96
2018;11;22;09;00;4.31
2018;11;22;10;00;6.27
2018;11;22;11;00;8.73
2018;11;22;12;00;10.49
2018;11;22;13;00;9.20
2018;11;22;14;00;10.16
2018;11;22;15;00;10.60
2018;11;22;16;00;10.51
2018;11;22;17;00;9.68
2018;11;22;18;00;8.23
2018;11;22;19;00;6.33
2018;11;22;20;00;4.69
2018;11;22;21;00;3.97
2018;11;22;22;00;3.87
2018;11;22;23;00;4.00
2018;11;23;00;00;4.05
2018;11;23;01;00;4.10
2018;11;23;02;00;3.90
2018;11;23;03;00;3.45
2018;11;23;04;00;2.42
2018;11;23;05;00;1.69
2018;11;23;06;00;1.29
2018;11;23;07;00;0.91
2018;11;23;08;00;1.37
2018;11;23;09;00;3.56
2018;11;23;10;00;5.52
2018;11;23;11;00;7.97
2018;11;23;12;00;9.42
2018;11;23;13;00;9.49
2018;11;23;14;00;9.71
2018;11;23;15;00;10.13
2018;11;23;16;00;10.08
2018;11;23;17;00;9.24
2018;11;23;18;00;7.95
2018;11;23;19;00;7.33
2018;11;23;20;00;6.96
2018;11;23;21;00;7.31
2018;11;23;22;00;6.29
2018;11;23;23;00;6.19
2018;11;24;00;00;6.46
2018;11;24;01;00;6.73
2018;11;24;02;00;6.54
2018;11;24;03;00;6.61
2018;11;24;04;00;7.07
2018;11;24;05;00;7.50
2018;11;24;06;00;7.64
2018;11;24;07;00;7.86
2018;11;24;08;00;7.20
2018;11;24;09;00;7.27
2018;11;24;10;00;8.29
2018;11;24;11;00;9.45
2018;11;24;12;00;10.54
2018;11;24;13;00;11.53
2018;11;24;14;00;11.95
2018;11;24;15;00;12.07
2018;11;24;16;00;11.59
2018;11;24;17;00;10.85
2018;11;24;18;00;10.41
2018;11;24;19;00;9.02
2018;11;24;20;00;7.87
2018;11;24;21;00;7.59
2018;11;24;22;00;6.47
2018;11;24;23;00;5.32
2018;11;25;00;00;4.78
2018;11;25;01;00;4.39
2018;11;25;02;00;3.93
2018;11;25;03;00;3.40
2018;11;25;04;00;3.55
2018;11;25;05;00;3.05
2018;11;25;06;00;2.52
2018;11;25;07;00;3.10
2018;11;25;08;00;2.85
2018;11;25;09;00;3.99
2018;11;25;10;00;5.34
2018;11;25;11;00;7.07
2018;11;25;12;00;8.60
2018;11;25;13;00;10.14
2018;11;25;14;00;9.95
2018;11;25;15;00;9.05
2018;11;25;16;00;9.41
2018;11;25;17;00;8.80
2018;11;25;18;00;8.21
2018;11;25;19;00;7.95
2018;11;25;20;00;7.47
2018;11;25;21;00;7.24
2018;11;25;22;00;6.99
2018;11;25;23;00;6.78
2018;11;26;00;00;6.52
2018;11;26;01;00;6.29
2018;11;26;02;00;5.97
2018;11;26;03;00;5.61
2018;11;26;04;00;5.33
2018;11;26;05;00;5.18
2018;11;26;06;00;5.12
2018;11;26;07;00;4.98
2018;11;26;08;00;4.65
2018;11;26;09;00;4.48
2018;11;26;10;00;4.57
2018;11;26;11;00;5.05
2018;11;26;12;00;5.51
2018;11;26;13;00;6.76
2018;11;26;14;00;7.12
2018;11;26;15;00;6.95
2018;11;26;16;00;7.04
2018;11;26;17;00;6.53
2018;11;26;18;00;6.26
2018;11;26;19;00;5.95
2018;11;26;20;00;5.68
2018;11;26;21;00;5.37
2018;11;26;22;00;5.16
2018;11;26;23;00;4.98
2018;11;27;00;00;4.88
2018;11;27;01;00;4.88
2018;11;27;02;00;4.85
2018;11;27;03;00;4.72
2018;11;27;04;00;4.62
2018;11;27;05;00;4.45
2018;11;27;06;00;4.29
2018;11;27;07;00;4.23
2018;11;27;08;00;4.03
2018;11;27;09;00;4.31
2018;11;27;10;00;5.01
2018;11;27;11;00;5.90
2018;11;27;12;00;6.45
2018;11;27;13;00;6.29
2018;11;27;14;00;6.53
2018;11;27;15;00;6.69
2018;11;27;16;00;6.48
2018;11;27;17;00;5.91
2018;11;27;18;00;5.78
2018;11;27;19;00;5.66
2018;11;27;20;00;5.66
2018;11;27;21;00;5.64
2018;11;27;22;00;5.48
2018;11;27;23;00;5.19
2018;11;28;00;00;4.55
2018;11;28;01;00;3.95
2018;11;28;02;00;3.78
2018;11;28;03;00;3.36
2018;11;28;04;00;3.54
2018;11;28;05;00;3.47
2018;11;28;06;00;2.13
2018;11;28;07;00;1.81
2018;11;28;08;00;1.70
2018;11;28;09;00;2.56
2018;11;28;10;00;4.68
2018;11;28;11;00;6.38
2018;11;28;12;00;7.99
2018;11;28;13;00;9.29
2018;11;28;14;00;9.85
2018;11;28;15;00;10.20
2018;11;28;16;00;10.15
2018;11;28;17;00;9.80
2018;11;28;18;00;9.25
2018;11;28;19;00;8.61
2018;11;28;20;00;8.09
2018;11;28;21;00;6.46
2018;11;28;22;00;5.56
2018;11;28;23;00;4.96
2018;11;29;00;00;5.12
2018;11;29;01;00;5.22
2018;11;29;02;00;5.42
2018;11;29;03;00;5.25
2018;11;29;04;00;5.22
2018;11;29;05;00;5.33
2018;11;29;06;00;4.27
2018;11;29;07;00;3.25
2018;11;29;08;00;3.44
2018;11;29;09;00;4.70
2018;11;29;10;00;6.68
2018;11;29;11;00;9.71
2018;11;29;12;00;12.03
2018;11;29;13;00;12.08
2018;11;29;14;00;12.50
2018;11;29;15;00;13.26
2018;11;29;16;00;13.85
2018;11;29;17;00;12.70
2018;11;29;18;00;10.55
2018;11;29;19;00;10.80
2018;11;29;20;00;11.10
2018;11;29;21;00;10.21
2018;11;29;22;00;9.78
2018;11;29;23;00;8.49
2018;11;30;00;00;7.89
2018;11;30;01;00;7.93
2018;11;30;02;00;7.87
2018;11;30;03;00;7.94
2018;11;30;04;00;8.20
2018;11;30;05;00;8.41
2018;11;30;06;00;8.29
2018;11;30;07;00;8.34
2018;11;30;08;00;8.13
2018;11;30;09;00;7.21
2018;11;30;10;00;7.80
2018;11;30;11;00;9.10
2018;11;30;12;00;10.55
2018;11;30;13;00;9.21
2018;11;30;14;00;9.39
2018;11;30;15;00;9.52
2018;11;30;16;00;9.29
2018;11;30;17;00;8.67
2018;11;30;18;00;8.46
2018;11;30;19;00;8.29
2018;11;30;20;00;8.46
2018;11;30;21;00;8.22
2018;11;30;22;00;8.00
2018;11;30;23;00;6.76
2018;12;01;00;00;6.60
2018;12;01;01;00;6.51
2018;12;01;02;00;7.38
2018;12;01;03;00;6.63
2018;12;01;04;00;5.83
2018;12;01;05;00;5.63
2018;12;01;06;00;5.47
2018;12;01;07;00;4.79
2018;12;01;08;00;4.65
2018;12;01;09;00;5.13
2018;12;01;10;00;6.88
2018;12;01;11;00;8.33
2018;12;01;12;00;9.30
2018;12;01;13;00;10.14
2018;12;01;14;00;10.79
2018;12;01;15;00;10.89
2018;12;01;16;00;10.51
2018;12;01;17;00;9.84
2018;12;01;18;00;8.76
2018;12;01;19;00;7.00
2018;12;01;20;00;7.21
2018;12;01;21;00;8.13
2018;12;01;22;00;8.57
2018;12;01;23;00;8.75
2018;12;02;00;00;8.91
2018;12;02;01;00;9.23
2018;12;02;02;00;9.44
2018;12;02;03;00;9.43
2018;12;02;04;00;9.67
2018;12;02;05;00;9.65
2018;12;02;06;00;9.70
2018;12;02;07;00;9.45
2018;12;02;08;00;9.59
2018;12;02;09;00;10.15
2018;12;02;10;00;10.58
2018;12;02;11;00;11.79
2018;12;02;12;00;12.05
2018;12;02;13;00;13.17
2018;12;02;14;00;13.53
2018;12;02;15;00;13.68
2018;12;02;16;00;13.36
2018;12;02;17;00;12.84
2018;12;02;18;00;12.73
2018;12;02;19;00;12.57
2018;12;02;20;00;12.59
2018;12;02;21;00;12.88
2018;12;02;22;00;12.86
2018;12;02;23;00;12.61
2018;12;03;00;00;12.77
2018;12;03;01;00;12.91
2018;12;03;02;00;11.99
2018;12;03;03;00;12.17
2018;12;03;04;00;12.48
2018;12;03;05;00;12.48
2018;12;03;06;00;12.23
2018;12;03;07;00;12.24
2018;12;03;08;00;12.18
2018;12;03;09;00;12.73
2018;12;03;10;00;13.81
2018;12;03;11;00;15.00
2018;12;03;12;00;15.12
2018;12;03;13;00;14.56
2018;12;03;14;00;15.39
2018;12;03;15;00;15.54
2018;12;03;16;00;15.15
2018;12;03;17;00;14.25
2018;12;03;18;00;14.25
2018;12;03;19;00;13.87
2018;12;03;20;00;13.10
2018;12;03;21;00;12.05
2018;12;03;22;00;11.66
2018;12;03;23;00;11.55
2018;12;04;00;00;11.53
2018;12;04;01;00;11.38
2018;12;04;02;00;10.66
2018;12;04;03;00;10.44
2018;12;04;04;00;10.30
2018;12;04;05;00;10.21
2018;12;04;06;00;9.88
2018;12;04;07;00;9.74
2018;12;04;08;00;9.61
2018;12;04;09;00;9.87
2018;12;04;10;00;10.36
2018;12;04;11;00;10.36
2018;12;04;12;00;10.58
2018;12;04;13;00;11.24
2018;12;04;14;00;11.66
2018;12;04;15;00;11.33
2018;12;04;16;00;10.95
2018;12;04;17;00;10.44
2018;12;04;18;00;9.76
2018;12;04;19;00;9.09
2018;12;04;20;00;9.02
2018;12;04;21;00;8.99
2018;12;04;22;00;8.52
2018;12;04;23;00;7.58
2018;12;05;00;00;7.23
2018;12;05;01;00;7.20
2018;12;05;02;00;7.33
2018;12;05;03;00;7.44
2018;12;05;04;00;7.38
2018;12;05;05;00;7.44
2018;12;05;06;00;7.58
2018;12;05;07;00;7.55
2018;12;05;08;00;7.58
2018;12;05;09;00;7.84
2018;12;05;10;00;8.81
2018;12;05;11;00;10.80
2018;12;05;12;00;11.69
2018;12;05;13;00;12.68
2018;12;05;14;00;13.43
2018;12;05;15;00;13.81
2018;12;05;16;00;13.46
2018;12;05;17;00;12.46
2018;12;05;18;00;11.22
2018;12;05;19;00;10.27
2018;12;05;20;00;9.78
2018;12;05;21;00;9.94
2018;12;05;22;00;11.35
2018;12;05;23;00;12.27
2018;12;06;00;00;11.85
2018;12;06;01;00;10.64
2018;12;06;02;00;11.36
2018;12;06;03;00;11.34
2018;12;06;04;00;11.46
2018;12;06;05;00;11.30
2018;12;06;06;00;11.07
2018;12;06;07;00;10.90
2018;12;06;08;00;10.73
2018;12;06;09;00;11.21
2018;12;06;10;00;12.01
2018;12;06;11;00;11.95
2018;12;06;12;00;12.12
2018;12;06;13;00;13.04
2018;12;06;14;00;12.94
2018;12;06;15;00;13.10
2018;12;06;16;00;13.10
2018;12;06;17;00;12.65
2018;12;06;18;00;11.78
2018;12;06;19;00;10.14
2018;12;06;20;00;8.61
2018;12;06;21;00;8.59
2018;12;06;22;00;9.06
2018;12;06;23;00;10.48
2018;12;07;00;00;11.64
2018;12;07;01;00;10.47
2018;12;07;02;00;10.78
2018;12;07;03;00;11.37
2018;12;07;04;00;11.27
2018;12;07;05;00;11.17
2018;12;07;06;00;10.83
2018;12;07;07;00;10.74
2018;12;07;08;00;10.46
2018;12;07;09;00;10.24
2018;12;07;10;00;10.57
2018;12;07;11;00;11.36
2018;12;07;12;00;11.64
2018;12;07;13;00;12.99
2018;12;07;14;00;13.32
2018;12;07;15;00;13.56
2018;12;07;16;00;13.32
2018;12;07;17;00;11.34
2018;12;07;18;00;10.98
2018;12;07;19;00;12.31
2018;12;07;20;00;11.79
2018;12;07;21;00;11.39
2018;12;07;22;00;9.30
2018;12;07;23;00;7.35
2018;12;08;00;00;6.48
2018;12;08;01;00;5.91
2018;12;08;02;00;5.49
2018;12;08;03;00;5.35
2018;12;08;04;00;5.09
2018;12;08;05;00;4.95
2018;12;08;06;00;4.89
2018;12;08;07;00;4.91
2018;12;08;08;00;5.04
2018;12;08;09;00;5.60
2018;12;08;10;00;6.56
2018;12;08;11;00;7.40
2018;12;08;12;00;8.07
2018;12;08;13;00;9.10
2018;12;08;14;00;8.98
2018;12;08;15;00;8.81
2018;12;08;16;00;8.33
2018;12;08;17;00;7.94
2018;12;08;18;00;7.96
2018;12;08;19;00;7.91
2018;12;08;20;00;8.36
2018;12;08;21;00;8.33
2018;12;08;22;00;8.61
2018;12;08;23;00;8.66
2018;12;09;00;00;8.65
2018;12;09;01;00;9.07
2018;12;09;02;00;9.18
2018;12;09;03;00;8.93
2018;12;09;04;00;8.84
2018;12;09;05;00;8.30
2018;12;09;06;00;8.01
2018;12;09;07;00;8.06
2018;12;09;08;00;8.03
2018;12;09;09;00;7.80
2018;12;09;10;00;8.08
2018;12;09;11;00;8.36
2018;12;09;12;00;8.36
2018;12;09;13;00;8.32
2018;12;09;14;00;8.51
2018;12;09;15;00;8.68
2018;12;09;16;00;8.46
2018;12;09;17;00;8.03
2018;12;09;18;00;7.93
2018;12;09;19;00;7.81
2018;12;09;20;00;7.77
2018;12;09;21;00;7.75
2018;12;09;22;00;7.62
2018;12;09;23;00;7.36
2018;12;10;00;00;6.65
2018;12;10;01;00;6.00
2018;12;10;02;00;6.02
2018;12;10;03;00;5.90
2018;12;10;04;00;5.73
2018;12;10;05;00;4.64
2018;12;10;06;00;4.11
2018;12;10;07;00;3.64
2018;12;10;08;00;3.38
2018;12;10;09;00;3.69
2018;12;10;10;00;4.85
2018;12;10;11;00;5.09
2018;12;10;12;00;5.33
2018;12;10;13;00;6.82
2018;12;10;14;00;7.03
2018;12;10;15;00;6.90
2018;12;10;16;00;6.55
2018;12;10;17;00;5.53
2018;12;10;18;00;4.95
2018;12;10;19;00;4.56
2018;12;10;20;00;5.40
2018;12;10;21;00;4.63
2018;12;10;22;00;4.70
2018;12;10;23;00;4.65
2018;12;11;00;00;4.59
2018;12;11;01;00;4.39
2018;12;11;02;00;4.25
2018;12;11;03;00;4.17
2018;12;11;04;00;3.82
2018;12;11;05;00;2.98
2018;12;11;06;00;2.79
2018;12;11;07;00;2.73
2018;12;11;08;00;2.80
2018;12;11;09;00;3.14
2018;12;11;10;00;3.48
2018;12;11;11;00;4.13
2018;12;11;12;00;4.66
2018;12;11;13;00;4.76
2018;12;11;14;00;5.14
2018;12;11;15;00;5.30
2018;12;11;16;00;4.89
2018;12;11;17;00;3.83
2018;12;11;18;00;3.07
2018;12;11;19;00;2.44
2018;12;11;20;00;2.02
2018;12;11;21;00;1.91
2018;12;11;22;00;1.58
2018;12;11;23;00;1.02
2018;12;12;00;00;0.35
2018;12;12;01;00;0.10
2018;12;12;02;00;-0.02
2018;12;12;03;00;-0.21
2018;12;12;04;00;-0.63
2018;12;12;05;00;-0.61
2018;12;12;06;00;-0.48
2018;12;12;07;00;-0.46
2018;12;12;08;00;-0.67
2018;12;12;09;00;-0.60
2018;12;12;10;00;0.63
2018;12;12;11;00;2.10
2018;12;12;12;00;3.31
2018;12;12;13;00;5.21
2018;12;12;14;00;5.78
2018;12;12;15;00;5.70
2018;12;12;16;00;5.04
2018;12;12;17;00;4.25
2018;12;12;18;00;3.10
2018;12;12;19;00;1.44
2018;12;12;20;00;0.70
2018;12;12;21;00;0.85
2018;12;12;22;00;0.58
2018;12;12;23;00;-0.47
2018;12;13;00;00;-1.31
2018;12;13;01;00;-1.39
2018;12;13;02;00;-2.15
2018;12;13;03;00;-1.19
2018;12;13;04;00;-1.86
2018;12;13;05;00;-1.96
2018;12;13;06;00;-1.74
2018;12;13;07;00;-2.10
2018;12;13;08;00;-1.84
2018;12;13;09;00;-0.14
2018;12;13;10;00;0.32
2018;12;13;11;00;1.17
2018;12;13;12;00;1.68
2018;12;13;13;00;3.10
2018;12;13;14;00;3.62
2018;12;13;15;00;3.68
2018;12;13;16;00;3.05
2018;12;13;17;00;2.14
2018;12;13;18;00;1.24
2018;12;13;19;00;-0.16
2018;12;13;20;00;-0.79
2018;12;13;21;00;-1.20
2018;12;13;22;00;-1.65
2018;12;13;23;00;-1.95
2018;12;14;00;00;-2.37
2018;12;14;01;00;-2.60
2018;12;14;02;00;-2.57
2018;12;14;03;00;-2.45
2018;12;14;04;00;-2.88
2018;12;14;05;00;-2.97
2018;12;14;06;00;-3.29
2018;12;14;07;00;-3.43
2018;12;14;08;00;-3.50
2018;12;14;09;00;-2.77
2018;12;14;10;00;-1.41
2018;12;14;11;00;-0.99
2018;12;14;12;00;-0.39
2018;12;14;13;00;0.93
2018;12;14;14;00;1.84
2018;12;14;15;00;2.41
2018;12;14;16;00;2.21
2018;12;14;17;00;1.26
2018;12;14;18;00;0.11
2018;12;14;19;00;-0.59
2018;12;14;20;00;-1.01
2018;12;14;21;00;-1.14
2018;12;14;22;00;-1.20
2018;12;14;23;00;-1.11
2018;12;15;00;00;-1.09
2018;12;15;01;00;-1.15
2018;12;15;02;00;-1.19
2018;12;15;03;00;-1.47
2018;12;15;04;00;-1.77
2018;12;15;05;00;-1.79
2018;12;15;06;00;-1.72
2018;12;15;07;00;-1.85
2018;12;15;08;00;-2.01
2018;12;15;09;00;-1.64
2018;12;15;10;00;-0.82
2018;12;15;11;00;0.20
2018;12;15;12;00;1.24
2018;12;15;13;00;2.00
2018;12;15;14;00;2.50
2018;12;15;15;00;2.54
2018;12;15;16;00;2.06
2018;12;15;17;00;1.00
2018;12;15;18;00;-0.16
2018;12;15;19;00;0.06
2018;12;15;20;00;0.56
2018;12;15;21;00;0.88
2018;12;15;22;00;1.14
2018;12;15;23;00;1.45
2018;12;16;00;00;1.29
2018;12;16;01;00;0.68
2018;12;16;02;00;1.36
2018;12;16;03;00;1.36
2018;12;16;04;00;2.21
2018;12;16;05;00;3.45
2018;12;16;06;00;2.97
2018;12;16;07;00;4.09
2018;12;16;08;00;4.78
2018;12;16;09;00;5.39
2018;12;16;10;00;6.51
2018;12;16;11;00;7.41
2018;12;16;12;00;7.97
2018;12;16;13;00;7.32
2018;12;16;14;00;7.81
2018;12;16;15;00;7.82
2018;12;16;16;00;7.51
2018;12;16;17;00;6.56
2018;12;16;18;00;5.89
2018;12;16;19;00;4.91
2018;12;16;20;00;4.72
2018;12;16;21;00;3.96
2018;12;16;22;00;2.98
2018;12;16;23;00;3.48
2018;12;17;00;00;3.55
2018;12;17;01;00;2.43
2018;12;17;02;00;1.66
2018;12;17;03;00;1.99
2018;12;17;04;00;2.27
2018;12;17;05;00;2.69
2018;12;17;06;00;2.77
2018;12;17;07;00;2.69
2018;12;17;08;00;2.77
2018;12;17;09;00;3.74
2018;12;17;10;00;5.76
2018;12;17;11;00;6.43
2018;12;17;12;00;7.39
2018;12;17;13;00;7.39
2018;12;17;14;00;7.47
2018;12;17;15;00;8.19
2018;12;17;16;00;7.57
2018;12;17;17;00;7.21
2018;12;17;18;00;6.28
2018;12;17;19;00;4.90
2018;12;17;20;00;4.16
2018;12;17;21;00;3.42
2018;12;17;22;00;2.90
2018;12;17;23;00;1.82
2018;12;18;00;00;1.41
2018;12;18;01;00;1.75
2018;12;18;02;00;2.47
2018;12;18;03;00;2.61
2018;12;18;04;00;2.43
2018;12;18;05;00;2.04
2018;12;18;06;00;1.05
2018;12;18;07;00;0.66
2018;12;18;08;00;-0.06
2018;12;18;09;00;0.98
2018;12;18;10;00;2.12
2018;12;18;11;00;3.20
2018;12;18;12;00;4.81
2018;12;18;13;00;6.39
2018;12;18;14;00;7.39
2018;12;18;15;00;7.53
2018;12;18;16;00;6.59
2018;12;18;17;00;4.30
2018;12;18;18;00;1.68
2018;12;18;19;00;1.64
2018;12;18;20;00;1.16
2018;12;18;21;00;0.60
2018;12;18;22;00;0.37
2018;12;18;23;00;1.23
2018;12;19;00;00;1.53
2018;12;19;01;00;2.19
2018;12;19;02;00;5.26
2018;12;19;03;00;7.96
2018;12;19;04;00;8.09
2018;12;19;05;00;7.41
2018;12;19;06;00;6.95
2018;12;19;07;00;6.72
2018;12;19;08;00;6.70
2018;12;19;09;00;6.54
2018;12;19;10;00;6.22
2018;12;19;11;00;5.99
2018;12;19;12;00;6.08
2018;12;19;13;00;7.49
2018;12;19;14;00;7.45
2018;12;19;15;00;7.56
2018;12;19;16;00;7.22
2018;12;19;17;00;6.44
2018;12;19;18;00;6.11
2018;12;19;19;00;5.87
2018;12;19;20;00;5.85
2018;12;19;21;00;5.53
2018;12;19;22;00;5.67
2018;12;19;23;00;5.48
2018;12;20;00;00;5.91
2018;12;20;01;00;5.43
2018;12;20;02;00;5.50
2018;12;20;03;00;6.72
2018;12;20;04;00;5.64
2018;12;20;05;00;5.26
2018;12;20;06;00;4.80
2018;12;20;07;00;4.56
2018;12;20;08;00;4.16
2018;12;20;09;00;4.86
2018;12;20;10;00;7.07
2018;12;20;11;00;8.28
2018;12;20;12;00;8.73
2018;12;20;13;00;9.90
2018;12;20;14;00;10.21
2018;12;20;15;00;9.55
2018;12;20;16;00;8.61
2018;12;20;17;00;7.76
2018;12;20;18;00;7.25
2018;12;20;19;00;6.87
2018;12;20;20;00;6.90
2018;12;20;21;00;6.73
2018;12;20;22;00;6.24
2018;12;20;23;00;6.45
2018;12;21;00;00;6.15
2018;12;21;01;00;6.17
2018;12;21;02;00;6.93
2018;12;21;03;00;7.24
2018;12;21;04;00;7.31
2018;12;21;05;00;7.33
2018;12;21;06;00;7.43
2018;12;21;07;00;7.60
2018;12;21;08;00;7.87
2018;12;21;09;00;8.16
2018;12;21;10;00;8.69
2018;12;21;11;00;9.56
2018;12;21;12;00;10.98
2018;12;21;13;00;9.37
2018;12;21;14;00;9.95
2018;12;21;15;00;10.73
2018;12;21;16;00;11.62
2018;12;21;17;00;11.50
2018;12;21;18;00;11.71
2018;12;21;19;00;11.87
2018;12;21;20;00;11.99
2018;12;21;21;00;12.18
2018;12;21;22;00;12.03
2018;12;21;23;00;11.89
2018;12;22;00;00;11.73
2018;12;22;01;00;11.64
2018;12;22;02;00;11.49
2018;12;22;03;00;11.43
2018;12;22;04;00;11.18
2018;12;22;05;00;10.88
2018;12;22;06;00;10.99
2018;12;22;07;00;10.97
2018;12;22;08;00;11.03
2018;12;22;09;00;11.35
2018;12;22;10;00;12.25
2018;12;22;11;00;12.51
2018;12;22;12;00;12.71
2018;12;22;13;00;11.91
2018;12;22;14;00;12.07
2018;12;22;15;00;12.04
2018;12;22;16;00;11.84
2018;12;22;17;00;11.13
2018;12;22;18;00;10.97
2018;12;22;19;00;10.76
2018;12;22;20;00;10.75
2018;12;22;21;00;10.65
2018;12;22;22;00;10.21
2018;12;22;23;00;10.07
2018;12;23;00;00;9.94
2018;12;23;01;00;9.61
2018;12;23;02;00;9.52
2018;12;23;03;00;9.33
2018;12;23;04;00;9.21
2018;12;23;05;00;9.07
2018;12;23;06;00;8.86
2018;12;23;07;00;8.39
2018;12;23;08;00;8.12
2018;12;23;09;00;8.34
2018;12;23;10;00;9.31
2018;12;23;11;00;9.93
2018;12;23;12;00;10.25
2018;12;23;13;00;12.32
2018;12;23;14;00;12.13
2018;12;23;15;00;13.22
2018;12;23;16;00;13.32
2018;12;23;17;00;13.10
2018;12;23;18;00;13.14
2018;12;23;19;00;13.04
2018;12;23;20;00;12.92
2018;12;23;21;00;12.79
2018;12;23;22;00;12.65
2018;12;23;23;00;12.55
2018;12;24;00;00;12.39
2018;12;24;01;00;12.18
2018;12;24;02;00;11.95
2018;12;24;03;00;11.77
2018;12;24;04;00;11.62
2018;12;24;05;00;11.46
2018;12;24;06;00;11.25
2018;12;24;07;00;11.07
2018;12;24;08;00;10.86
2018;12;24;09;00;10.65
2018;12;24;10;00;5.79
2018;12;24;11;00;6.56
2018;12;24;12;00;6.66
2018;12;24;13;00;8.23
2018;12;24;14;00;8.25
2018;12;24;15;00;7.85
2018;12;24;16;00;7.20
2018;12;24;17;00;5.92
2018;12;24;18;00;4.89
2018;12;24;19;00;4.04
2018;12;24;20;00;3.62
2018;12;24;21;00;3.31
2018;12;24;22;00;2.48
2018;12;24;23;00;1.92
2018;12;25;00;00;1.60
2018;12;25;01;00;1.59
2018;12;25;02;00;1.53
2018;12;25;03;00;1.67
2018;12;25;04;00;1.61
2018;12;25;05;00;1.35
2018;12;25;06;00;1.11
2018;12;25;07;00;0.92
2018;12;25;08;00;0.72
2018;12;25;09;00;0.65
2018;12;25;10;00;0.98
2018;12;25;11;00;1.62
2018;12;25;12;00;2.22
2018;12;25;13;00;3.14
2018;12;25;14;00;4.66
2018;12;25;15;00;5.37
2018;12;25;16;00;4.96
2018;12;25;17;00;3.97
2018;12;25;18;00;3.08
2018;12;25;19;00;2.61
2018;12;25;20;00;2.20
2018;12;25;21;00;1.64
2018;12;25;22;00;1.13
2018;12;25;23;00;0.72
2018;12;26;00;00;0.14
2018;12;26;01;00;-0.32
2018;12;26;02;00;-0.45
2018;12;26;03;00;-0.87
2018;12;26;04;00;-1.16
2018;12;26;05;00;-1.40
2018;12;26;06;00;-1.47
2018;12;26;07;00;-0.88
2018;12;26;08;00;-0.95
2018;12;26;09;00;-0.24
2018;12;26;10;00;1.23
2018;12;26;11;00;2.07
2018;12;26;12;00;4.10
2018;12;26;13;00;4.22
2018;12;26;14;00;4.86
2018;12;26;15;00;5.06
2018;12;26;16;00;4.54
2018;12;26;17;00;3.60
2018;12;26;18;00;2.75
2018;12;26;19;00;2.22
2018;12;26;20;00;1.89
2018;12;26;21;00;1.36
2018;12;26;22;00;0.52
2018;12;26;23;00;-0.27
2018;12;27;00;00;0.48
2018;12;27;01;00;1.91
2018;12;27;02;00;2.71
2018;12;27;03;00;2.36
2018;12;27;04;00;1.46
2018;12;27;05;00;0.28
2018;12;27;06;00;-0.07
2018;12;27;07;00;-0.06
2018;12;27;08;00;0.49
2018;12;27;09;00;0.90
2018;12;27;10;00;1.97
2018;12;27;11;00;3.27
2018;12;27;12;00;4.56
2018;12;27;13;00;6.85
2018;12;27;14;00;7.92
2018;12;27;15;00;8.34
2018;12;27;16;00;8.17
2018;12;27;17;00;7.68
2018;12;27;18;00;7.08
2018;12;27;19;00;6.31
2018;12;27;20;00;5.83
2018;12;27;21;00;5.54
2018;12;27;22;00;5.42
2018;12;27;23;00;5.60
2018;12;28;00;00;5.55
2018;12;28;01;00;5.70
2018;12;28;02;00;5.98
2018;12;28;03;00;6.08
2018;12;28;04;00;6.22
2018;12;28;05;00;6.16
2018;12;28;06;00;5.93
2018;12;28;07;00;6.16
2018;12;28;08;00;5.63
2018;12;28;09;00;5.21
2018;12;28;10;00;5.97
2018;12;28;11;00;7.09
2018;12;28;12;00;7.94
2018;12;28;13;00;6.51
2018;12;28;14;00;6.93
2018;12;28;15;00;7.07
2018;12;28;16;00;6.51
2018;12;28;17;00;5.39
2018;12;28;18;00;4.53
2018;12;28;19;00;3.82
2018;12;28;20;00;3.23
2018;12;28;21;00;2.67
2018;12;28;22;00;2.55
2018;12;28;23;00;2.34
2018;12;29;00;00;2.02
2018;12;29;01;00;1.90
2018;12;29;02;00;1.52
2018;12;29;03;00;1.02
2018;12;29;04;00;0.68
2018;12;29;05;00;0.65
2018;12;29;06;00;0.91
2018;12;29;07;00;0.95
2018;12;29;08;00;0.80
2018;12;29;09;00;0.81
2018;12;29;10;00;1.29
2018;12;29;11;00;2.06
2018;12;29;12;00;2.84
2018;12;29;13;00;2.51
2018;12;29;14;00;3.50
2018;12;29;15;00;4.09
2018;12;29;16;00;3.99
2018;12;29;17;00;3.66
2018;12;29;18;00;3.32
2018;12;29;19;00;2.66
2018;12;29;20;00;1.57
2018;12;29;21;00;1.02
2018;12;29;22;00;1.30
2018;12;29;23;00;2.06
2018;12;30;00;00;3.04
2018;12;30;01;00;3.07
2018;12;30;02;00;3.20
2018;12;30;03;00;3.12
2018;12;30;04;00;3.05
2018;12;30;05;00;3.02
2018;12;30;06;00;3.19
2018;12;30;07;00;2.65
2018;12;30;08;00;2.48
2018;12;30;09;00;2.90
2018;12;30;10;00;4.12
2018;12;30;11;00;4.71
2018;12;30;12;00;5.63
2018;12;30;13;00;4.83
2018;12;30;14;00;5.95
2018;12;30;15;00;6.08
2018;12;30;16;00;6.20
2018;12;30;17;00;5.82
2018;12;30;18;00;5.47
2018;12;30;19;00;5.17
2018;12;30;20;00;5.09
2018;12;30;21;00;4.94
2018;12;30;22;00;4.64
2018;12;30;23;00;4.21
2018;12;31;00;00;4.03
2018;12;31;01;00;4.18
2018;12;31;02;00;4.38
2018;12;31;03;00;4.50
2018;12;31;04;00;4.68
2018;12;31;05;00;4.69
2018;12;31;06;00;4.97
2018;12;31;07;00;5.40
2018;12;31;08;00;5.77
2018;12;31;09;00;5.91
2018;12;31;10;00;6.74
2018;12;31;11;00;7.39
2018;12;31;12;00;7.91
2018;12;31;13;00;6.88
2018;12;31;14;00;6.97
2018;12;31;15;00;7.16
2018;12;31;16;00;7.04
2018;12;31;17;00;6.57
2018;12;31;18;00;6.26
2018;12;31;19;00;5.90
2018;12;31;20;00;5.59
2018;12;31;21;00;5.45
2018;12;31;22;00;5.27
2018;12;31;23;00;5.15
2019;01;01;00;00;5.05
2019;01;01;01;00;4.90
2019;01;01;02;00;4.81
2019;01;01;03;00;4.73
2019;01;01;04;00;4.60
2019;01;01;05;00;4.58
2019;01;01;06;00;4.56
2019;01;01;07;00;4.49
2019;01;01;08;00;4.33
2019;01;01;09;00;4.24
2019;01;01;10;00;4.71
2019;01;01;11;00;5.48
2019;01;01;12;00;6.14
2019;01;01;13;00;6.52
2019;01;01;14;00;7.10
2019;01;01;15;00;6.01
2019;01;01;16;00;5.46
2019;01;01;17;00;4.72
2019;01;01;18;00;3.96
2019;01;01;19;00;4.08
2019;01;01;20;00;3.98
2019;01;01;21;00;3.98
2019;01;01;22;00;3.87
2019;01;01;23;00;3.84
2019;01;02;00;00;3.75
2019;01;02;01;00;3.59
2019;01;02;02;00;3.47
2019;01;02;03;00;3.19
2019;01;02;04;00;1.67
2019;01;02;05;00;1.00
2019;01;02;06;00;0.53
2019;01;02;07;00;0.28
2019;01;02;08;00;0.28
2019;01;02;09;00;1.06
2019;01;02;10;00;1.62
2019;01;02;11;00;2.38
2019;01;02;12;00;3.04
2019;01;02;13;00;4.18
2019;01;02;14;00;4.55
2019;01;02;15;00;4.32
2019;01;02;16;00;4.17
2019;01;02;17;00;3.69
2019;01;02;18;00;2.21
2019;01;02;19;00;1.63
2019;01;02;20;00;0.93
2019;01;02;21;00;0.69
2019;01;02;22;00;0.22
2019;01;02;23;00;0.08
2019;01;03;00;00;-0.28
2019;01;03;01;00;-0.62
2019;01;03;02;00;-0.67
2019;01;03;03;00;-0.80
2019;01;03;04;00;-1.10
2019;01;03;05;00;-1.24
2019;01;03;06;00;-1.36
2019;01;03;07;00;-1.50
2019;01;03;08;00;-1.65
2019;01;03;09;00;-1.56
2019;01;03;10;00;-0.68
2019;01;03;11;00;0.14
2019;01;03;12;00;0.63
2019;01;03;13;00;1.57
2019;01;03;14;00;2.31
2019;01;03;15;00;2.72
2019;01;03;16;00;2.22
2019;01;03;17;00;1.54
2019;01;03;18;00;0.63
2019;01;03;19;00;0.10
2019;01;03;20;00;0.40
2019;01;03;21;00;0.15
2019;01;03;22;00;0.08
2019;01;03;23;00;0.21
2019;01;04;00;00;0.23
2019;01;04;01;00;-0.22
2019;01;04;02;00;-0.02
2019;01;04;03;00;0.36
2019;01;04;04;00;-0.39
2019;01;04;05;00;-1.01
2019;01;04;06;00;-1.18
2019;01;04;07;00;-1.49
2019;01;04;08;00;-1.50
2019;01;04;09;00;-0.96
2019;01;04;10;00;-0.18
2019;01;04;11;00;1.41
2019;01;04;12;00;2.05
2019;01;04;13;00;4.17
2019;01;04;14;00;4.74
2019;01;04;15;00;4.17
2019;01;04;16;00;3.77
2019;01;04;17;00;3.22
2019;01;04;18;00;2.49
2019;01;04;19;00;2.38
2019;01;04;20;00;1.63
2019;01;04;21;00;1.17
2019;01;04;22;00;1.59
2019;01;04;23;00;2.11
2019;01;05;00;00;1.91
2019;01;05;01;00;1.39
2019;01;05;02;00;1.21
2019;01;05;03;00;1.10
2019;01;05;04;00;0.44
2019;01;05;05;00;0.26
2019;01;05;06;00;0.31
2019;01;05;07;00;0.38
2019;01;05;08;00;0.47
2019;01;05;09;00;0.83
2019;01;05;10;00;1.67
2019;01;05;11;00;2.50
2019;01;05;12;00;2.85
2019;01;05;13;00;2.44
2019;01;05;14;00;2.73
2019;01;05;15;00;2.83
2019;01;05;16;00;2.86
2019;01;05;17;00;2.40
2019;01;05;18;00;2.39
2019;01;05;19;00;2.56
2019;01;05;20;00;2.78
2019;01;05;21;00;2.93
2019;01;05;22;00;3.09
2019;01;05;23;00;3.10
2019;01;06;00;00;3.00
2019;01;06;01;00;2.93
2019;01;06;02;00;2.70
2019;01;06;03;00;2.46
2019;01;06;04;00;2.34
2019;01;06;05;00;2.09
2019;01;06;06;00;1.83
2019;01;06;07;00;1.61
2019;01;06;08;00;1.29
2019;01;06;09;00;1.29
2019;01;06;10;00;1.86
2019;01;06;11;00;2.48
2019;01;06;12;00;3.20
2019;01;06;13;00;4.48
2019;01;06;14;00;5.04
2019;01;06;15;00;5.46
2019;01;06;16;00;5.31
2019;01;06;17;00;4.41
2019;01;06;18;00;3.71
2019;01;06;19;00;3.41
2019;01;06;20;00;3.18
2019;01;06;21;00;2.95
2019;01;06;22;00;2.92
2019;01;06;23;00;2.73
2019;01;07;00;00;2.61
2019;01;07;01;00;2.50
2019;01;07;02;00;2.35
2019;01;07;03;00;2.11
2019;01;07;04;00;1.90
2019;01;07;05;00;1.49
2019;01;07;06;00;1.19
2019;01;07;07;00;1.44
2019;01;07;08;00;1.46
2019;01;07;09;00;1.70
2019;01;07;10;00;2.33
2019;01;07;11;00;3.00
2019;01;07;12;00;3.37
2019;01;07;13;00;3.91
2019;01;07;14;00;4.39
2019;01;07;15;00;4.55
2019;01;07;16;00;4.41
2019;01;07;17;00;4.05
2019;01;07;18;00;3.31
2019;01;07;19;00;3.32
2019;01;07;20;00;3.48
2019;01;07;21;00;3.33
2019;01;07;22;00;3.24
2019;01;07;23;00;2.79
2019;01;08;00;00;2.82
2019;01;08;01;00;2.68
2019;01;08;02;00;2.38
2019;01;08;03;00;2.66
2019;01;08;04;00;3.39
2019;01;08;05;00;4.11
2019;01;08;06;00;4.39
2019;01;08;07;00;4.53
2019;01;08;08;00;4.56
2019;01;08;09;00;4.56
2019;01;08;10;00;4.80
2019;01;08;11;00;4.87
2019;01;08;12;00;5.03
2019;01;08;13;00;5.36
2019;01;08;14;00;5.66
2019;01;08;15;00;5.80
2019;01;08;16;00;5.51
2019;01;08;17;00;5.15
2019;01;08;18;00;4.87
2019;01;08;19;00;4.68
2019;01;08;20;00;4.45
2019;01;08;21;00;4.08
2019;01;08;22;00;4.04
2019;01;08;23;00;3.87
2019;01;09;00;00;3.66
2019;01;09;01;00;3.36
2019;01;09;02;00;3.12
2019;01;09;03;00;2.96
2019;01;09;04;00;2.80
2019;01;09;05;00;2.63
2019;01;09;06;00;2.43
2019;01;09;07;00;2.59
2019;01;09;08;00;2.71
2019;01;09;09;00;2.61
2019;01;09;10;00;2.88
2019;01;09;11;00;3.16
2019;01;09;12;00;2.95
2019;01;09;13;00;3.70
2019;01;09;14;00;3.75
2019;01;09;15;00;3.59
2019;01;09;16;00;3.52
2019;01;09;17;00;3.05
2019;01;09;18;00;2.49
2019;01;09;19;00;0.93
2019;01;09;20;00;0.66
2019;01;09;21;00;0.61
2019;01;09;22;00;0.61
2019;01;09;23;00;0.48
2019;01;10;00;00;0.39
2019;01;10;01;00;0.28
2019;01;10;02;00;0.12
2019;01;10;03;00;-0.18
2019;01;10;04;00;-0.46
2019;01;10;05;00;-0.77
2019;01;10;06;00;-0.98
2019;01;10;07;00;-1.14
2019;01;10;08;00;-1.33
2019;01;10;09;00;-1.28
2019;01;10;10;00;-0.85
2019;01;10;11;00;-0.40
2019;01;10;12;00;-0.05
2019;01;10;13;00;2.35
2019;01;10;14;00;2.70
2019;01;10;15;00;2.53
2019;01;10;16;00;2.21
2019;01;10;17;00;1.72
2019;01;10;18;00;1.22
2019;01;10;19;00;0.95
2019;01;10;20;00;0.66
2019;01;10;21;00;0.49
2019;01;10;22;00;0.50
2019;01;10;23;00;0.30
2019;01;11;00;00;-0.38
2019;01;11;01;00;-1.25
2019;01;11;02;00;-1.34
2019;01;11;03;00;-0.87
2019;01;11;04;00;-0.98
2019;01;11;05;00;-1.18
2019;01;11;06;00;-1.01
2019;01;11;07;00;-0.83
2019;01;11;08;00;-1.50
2019;01;11;09;00;-0.78
2019;01;11;10;00;0.65
2019;01;11;11;00;2.35
2019;01;11;12;00;3.70
2019;01;11;13;00;1.91
2019;01;11;14;00;2.66
2019;01;11;15;00;2.62
2019;01;11;16;00;1.71
2019;01;11;17;00;0.68
2019;01;11;18;00;0.63
2019;01;11;19;00;1.13
2019;01;11;20;00;1.22
2019;01;11;21;00;1.33
2019;01;11;22;00;1.59
2019;01;11;23;00;1.73
2019;01;12;00;00;1.76
2019;01;12;01;00;1.91
2019;01;12;02;00;2.06
2019;01;12;03;00;1.96
2019;01;12;04;00;1.87
2019;01;12;05;00;1.91
2019;01;12;06;00;2.07
2019;01;12;07;00;2.25
2019;01;12;08;00;2.36
2019;01;12;09;00;2.78
2019;01;12;10;00;3.72
2019;01;12;11;00;4.89
2019;01;12;12;00;5.66
2019;01;12;13;00;5.70
2019;01;12;14;00;5.28
2019;01;12;15;00;5.66
2019;01;12;16;00;5.45
2019;01;12;17;00;4.28
2019;01;12;18;00;4.12
2019;01;12;19;00;4.36
2019;01;12;20;00;4.52
2019;01;12;21;00;4.38
2019;01;12;22;00;4.39
2019;01;12;23;00;4.64
2019;01;13;00;00;4.93
2019;01;13;01;00;4.81
2019;01;13;02;00;5.00
2019;01;13;03;00;4.92
2019;01;13;04;00;5.27
2019;01;13;05;00;5.51
2019;01;13;06;00;5.80
2019;01;13;07;00;6.00
2019;01;13;08;00;6.00
2019;01;13;09;00;6.03
2019;01;13;10;00;6.30
2019;01;13;11;00;6.36
2019;01;13;12;00;6.70
2019;01;13;13;00;6.40
2019;01;13;14;00;7.19
2019;01;13;15;00;7.37
2019;01;13;16;00;7.35
2019;01;13;17;00;7.31
2019;01;13;18;00;7.30
2019;01;13;19;00;7.45
2019;01;13;20;00;7.61
2019;01;13;21;00;7.68
2019;01;13;22;00;7.59
2019;01;13;23;00;7.44
2019;01;14;00;00;7.14
2019;01;14;01;00;7.15
2019;01;14;02;00;7.01
2019;01;14;03;00;6.64
2019;01;14;04;00;6.05
2019;01;14;05;00;5.73
2019;01;14;06;00;4.88
2019;01;14;07;00;4.39
2019;01;14;08;00;4.01
2019;01;14;09;00;4.05
2019;01;14;10;00;4.83
2019;01;14;11;00;5.47
2019;01;14;12;00;5.67
2019;01;14;13;00;6.57
2019;01;14;14;00;6.51
2019;01;14;15;00;6.50
2019;01;14;16;00;6.15
2019;01;14;17;00;5.65
2019;01;14;18;00;5.38
2019;01;14;19;00;5.23
2019;01;14;20;00;4.23
2019;01;14;21;00;3.89
2019;01;14;22;00;4.08
2019;01;14;23;00;4.15
2019;01;15;00;00;3.93
2019;01;15;01;00;3.57
2019;01;15;02;00;3.54
2019;01;15;03;00;3.03
2019;01;15;04;00;2.70
2019;01;15;05;00;2.12
2019;01;15;06;00;1.51
2019;01;15;07;00;0.26
2019;01;15;08;00;0.28
2019;01;15;09;00;2.03
2019;01;15;10;00;3.44
2019;01;15;11;00;4.36
2019;01;15;12;00;5.55
2019;01;15;13;00;6.17
2019;01;15;14;00;6.49
2019;01;15;15;00;6.53
2019;01;15;16;00;6.27
2019;01;15;17;00;5.33
2019;01;15;18;00;4.82
2019;01;15;19;00;4.31
2019;01;15;20;00;2.08
2019;01;15;21;00;0.59
2019;01;15;22;00;0.31
2019;01;15;23;00;0.17
2019;01;16;00;00;0.36
2019;01;16;01;00;0.75
2019;01;16;02;00;1.13
2019;01;16;03;00;1.16
2019;01;16;04;00;1.06
2019;01;16;05;00;0.91
2019;01;16;06;00;0.52
2019;01;16;07;00;0.25
2019;01;16;08;00;0.13
2019;01;16;09;00;0.65
2019;01;16;10;00;1.96
2019;01;16;11;00;3.67
2019;01;16;12;00;4.89
2019;01;16;13;00;6.58
2019;01;16;14;00;8.24
2019;01;16;15;00;10.56
2019;01;16;16;00;10.51
2019;01;16;17;00;9.33
2019;01;16;18;00;7.32
2019;01;16;19;00;6.13
2019;01;16;20;00;5.29
2019;01;16;21;00;5.82
2019;01;16;22;00;6.91
2019;01;16;23;00;7.19
2019;01;17;00;00;7.16
2019;01;17;01;00;6.29
2019;01;17;02;00;6.15
2019;01;17;03;00;6.13
2019;01;17;04;00;5.60
2019;01;17;05;00;6.57
2019;01;17;06;00;7.13
2019;01;17;07;00;7.32
2019;01;17;08;00;7.20
2019;01;17;09;00;6.64
2019;01;17;10;00;6.30
2019;01;17;11;00;6.50
2019;01;17;12;00;6.90
2019;01;17;13;00;8.28
2019;01;17;14;00;7.77
2019;01;17;15;00;7.49
2019;01;17;16;00;6.94
2019;01;17;17;00;5.80
2019;01;17;18;00;4.78
2019;01;17;19;00;4.33
2019;01;17;20;00;4.11
2019;01;17;21;00;3.54
2019;01;17;22;00;2.94
2019;01;17;23;00;2.62
2019;01;18;00;00;2.82
2019;01;18;01;00;1.35
2019;01;18;02;00;0.77
2019;01;18;03;00;1.09
2019;01;18;04;00;-0.12
2019;01;18;05;00;-1.94
2019;01;18;06;00;-0.87
2019;01;18;07;00;-1.62
2019;01;18;08;00;-2.02
2019;01;18;09;00;-1.56
2019;01;18;10;00;-0.41
2019;01;18;11;00;1.58
2019;01;18;12;00;3.41
2019;01;18;13;00;2.97
2019;01;18;14;00;3.40
2019;01;18;15;00;3.91
2019;01;18;16;00;3.85
2019;01;18;17;00;3.31
2019;01;18;18;00;2.44
2019;01;18;19;00;1.19
2019;01;18;20;00;1.17
2019;01;18;21;00;0.84
2019;01;18;22;00;0.34
2019;01;18;23;00;0.19
2019;01;19;00;00;0.14
2019;01;19;01;00;0.18
2019;01;19;02;00;0.15
2019;01;19;03;00;-0.02
2019;01;19;04;00;-0.43
2019;01;19;05;00;-0.79
2019;01;19;06;00;-1.05
2019;01;19;07;00;-1.14
2019;01;19;08;00;-1.49
2019;01;19;09;00;-0.89
2019;01;19;10;00;0.68
2019;01;19;11;00;1.92
2019;01;19;12;00;2.80
2019;01;19;13;00;2.00
2019;01;19;14;00;2.36
2019;01;19;15;00;2.41
2019;01;19;16;00;2.32
2019;01;19;17;00;1.96
2019;01;19;18;00;1.92
2019;01;19;19;00;1.34
2019;01;19;20;00;0.70
2019;01;19;21;00;0.07
2019;01;19;22;00;-0.42
2019;01;19;23;00;-0.59
2019;01;20;00;00;-0.47
2019;01;20;01;00;-0.14
2019;01;20;02;00;-0.57
2019;01;20;03;00;-0.19
2019;01;20;04;00;0.06
2019;01;20;05;00;0.56
2019;01;20;06;00;1.05
2019;01;20;07;00;1.38
2019;01;20;08;00;1.70
2019;01;20;09;00;2.10
2019;01;20;10;00;3.21
2019;01;20;11;00;4.47
2019;01;20;12;00;5.21
2019;01;20;13;00;5.78
2019;01;20;14;00;6.38
2019;01;20;15;00;6.45
2019;01;20;16;00;6.30
2019;01;20;17;00;5.70
2019;01;20;18;00;4.82
2019;01;20;19;00;4.51
2019;01;20;20;00;4.37
2019;01;20;21;00;4.03
2019;01;20;22;00;3.12
2019;01;20;23;00;1.96
2019;01;21;00;00;1.24
2019;01;21;01;00;0.89
2019;01;21;02;00;0.62
2019;01;21;03;00;0.42
2019;01;21;04;00;0.30
2019;01;21;05;00;0.12
2019;01;21;06;00;-0.29
2019;01;21;07;00;-0.95
2019;01;21;08;00;-1.43
2019;01;21;09;00;-1.40
2019;01;21;10;00;-0.74
2019;01;21;11;00;0.33
2019;01;21;12;00;1.83
2019;01;21;13;00;1.04
2019;01;21;14;00;1.73
2019;01;21;15;00;2.25
2019;01;21;16;00;2.11
2019;01;21;17;00;1.04
2019;01;21;18;00;-0.22
2019;01;21;19;00;-0.78
2019;01;21;20;00;-1.04
2019;01;21;21;00;-1.28
2019;01;21;22;00;-1.44
2019;01;21;23;00;-1.41
2019;01;22;00;00;-1.37
2019;01;22;01;00;-1.55
2019;01;22;02;00;-1.76
2019;01;22;03;00;-1.66
2019;01;22;04;00;-1.95
2019;01;22;05;00;-2.24
2019;01;22;06;00;-2.16
2019;01;22;07;00;-2.02
2019;01;22;08;00;-2.34
2019;01;22;09;00;-1.99
2019;01;22;10;00;-0.54
2019;01;22;11;00;0.39
2019;01;22;12;00;1.00
2019;01;22;13;00;1.99
2019;01;22;14;00;2.68
2019;01;22;15;00;3.00
2019;01;22;16;00;3.34
2019;01;22;17;00;3.34
2019;01;22;18;00;0.26
2019;01;22;19;00;-1.06
2019;01;22;20;00;-0.98
2019;01;22;21;00;-1.47
2019;01;22;22;00;-1.30
2019;01;22;23;00;-0.89
2019;01;23;00;00;-0.58
2019;01;23;01;00;-0.67
2019;01;23;02;00;-0.34
2019;01;23;03;00;0.02
2019;01;23;04;00;0.32
2019;01;23;05;00;-0.22
2019;01;23;06;00;-0.67
2019;01;23;07;00;-0.66
2019;01;23;08;00;-0.71
2019;01;23;09;00;-0.44
2019;01;23;10;00;0.67
2019;01;23;11;00;1.96
2019;01;23;12;00;2.96
2019;01;23;13;00;4.35
2019;01;23;14;00;4.75
2019;01;23;15;00;4.59
2019;01;23;16;00;4.40
2019;01;23;17;00;4.04
2019;01;23;18;00;2.55
2019;01;23;19;00;2.05
2019;01;23;20;00;1.53
2019;01;23;21;00;0.79
2019;01;23;22;00;-0.44
2019;01;23;23;00;-0.60
2019;01;24;00;00;-0.64
2019;01;24;01;00;-1.58
2019;01;24;02;00;-3.03
2019;01;24;03;00;-3.75
2019;01;24;04;00;-3.72
2019;01;24;05;00;-3.34
2019;01;24;06;00;-3.16
2019;01;24;07;00;-2.74
2019;01;24;08;00;-2.09
2019;01;24;09;00;-1.45
2019;01;24;10;00;-0.41
2019;01;24;11;00;0.42
2019;01;24;12;00;0.57
2019;01;24;13;00;0.00
2019;01;24;14;00;0.32
2019;01;24;15;00;0.37
2019;01;24;16;00;0.05
2019;01;24;17;00;-0.68
2019;01;24;18;00;-1.54
2019;01;24;19;00;-1.86
2019;01;24;20;00;-1.92
2019;01;24;21;00;-2.08
2019;01;24;22;00;-2.04
2019;01;24;23;00;-2.06
2019;01;25;00;00;-1.82
2019;01;25;01;00;-1.73
2019;01;25;02;00;-1.90
2019;01;25;03;00;-2.13
2019;01;25;04;00;-1.92
2019;01;25;05;00;-2.54
2019;01;25;06;00;-2.80
2019;01;25;07;00;-2.70
2019;01;25;08;00;-2.74
2019;01;25;09;00;-2.17
2019;01;25;10;00;-1.30
2019;01;25;11;00;-0.59
2019;01;25;12;00;0.08
2019;01;25;13;00;0.20
2019;01;25;14;00;0.75
2019;01;25;15;00;0.94
2019;01;25;16;00;0.68
2019;01;25;17;00;0.10
2019;01;25;18;00;0.16
2019;01;25;19;00;0.70
2019;01;25;20;00;0.33
2019;01;25;21;00;-0.56
2019;01;25;22;00;-0.56
2019;01;25;23;00;-0.05
2019;01;26;00;00;0.33
2019;01;26;01;00;1.16
2019;01;26;02;00;1.32
2019;01;26;03;00;1.15
2019;01;26;04;00;1.29
2019;01;26;05;00;1.58
2019;01;26;06;00;3.10
2019;01;26;07;00;3.80
2019;01;26;08;00;4.14
2019;01;26;09;00;4.44
2019;01;26;10;00;5.88
2019;01;26;11;00;7.52
2019;01;26;12;00;8.17
2019;01;26;13;00;8.49
2019;01;26;14;00;8.17
2019;01;26;15;00;8.14
2019;01;26;16;00;8.01
2019;01;26;17;00;6.89
2019;01;26;18;00;4.81
2019;01;26;19;00;3.89
2019;01;26;20;00;3.75
2019;01;26;21;00;4.01
2019;01;26;22;00;4.02
2019;01;26;23;00;4.11
2019;01;27;00;00;4.40
2019;01;27;01;00;4.77
2019;01;27;02;00;4.41
2019;01;27;03;00;4.39
2019;01;27;04;00;4.98
2019;01;27;05;00;6.01
2019;01;27;06;00;6.00
2019;01;27;07;00;5.90
2019;01;27;08;00;5.73
2019;01;27;09;00;5.51
2019;01;27;10;00;7.48
2019;01;27;11;00;8.03
2019;01;27;12;00;8.56
2019;01;27;13;00;9.56
2019;01;27;14;00;9.78
2019;01;27;15;00;9.58
2019;01;27;16;00;9.03
2019;01;27;17;00;7.98
2019;01;27;18;00;6.80
2019;01;27;19;00;5.86
2019;01;27;20;00;3.29
2019;01;27;21;00;2.67
2019;01;27;22;00;2.81
2019;01;27;23;00;2.91
2019;01;28;00;00;2.81
2019;01;28;01;00;2.76
2019;01;28;02;00;2.36
2019;01;28;03;00;1.94
2019;01;28;04;00;1.81
2019;01;28;05;00;1.77
2019;01;28;06;00;1.58
2019;01;28;07;00;1.45
2019;01;28;08;00;1.29
2019;01;28;09;00;1.27
2019;01;28;10;00;1.35
2019;01;28;11;00;1.42
2019;01;28;12;00;1.81
2019;01;28;13;00;3.37
2019;01;28;14;00;3.58
2019;01;28;15;00;3.35
2019;01;28;16;00;3.47
2019;01;28;17;00;3.46
2019;01;28;18;00;2.77
2019;01;28;19;00;2.56
2019;01;28;20;00;1.95
2019;01;28;21;00;2.21
2019;01;28;22;00;2.18
2019;01;28;23;00;2.21
2019;01;29;00;00;1.97
2019;01;29;01;00;0.98
2019;01;29;02;00;0.77
2019;01;29;03;00;0.56
2019;01;29;04;00;0.07
2019;01;29;05;00;-0.03
2019;01;29;06;00;0.15
2019;01;29;07;00;0.04
2019;01;29;08;00;-0.73
2019;01;29;09;00;0.03
2019;01;29;10;00;1.38
2019;01;29;11;00;2.28
2019;01;29;12;00;3.02
2019;01;29;13;00;3.57
2019;01;29;14;00;3.94
2019;01;29;15;00;4.87
2019;01;29;16;00;5.17
2019;01;29;17;00;4.76
2019;01;29;18;00;3.81
2019;01;29;19;00;2.73
2019;01;29;20;00;2.09
2019;01;29;21;00;1.68
2019;01;29;22;00;1.14
2019;01;29;23;00;0.69
2019;01;30;00;00;0.60
2019;01;30;01;00;0.70
2019;01;30;02;00;0.94
2019;01;30;03;00;1.30
2019;01;30;04;00;2.14
2019;01;30;05;00;2.62
2019;01;30;06;00;1.94
2019;01;30;07;00;1.62
2019;01;30;08;00;1.17
2019;01;30;09;00;1.42
2019;01;30;10;00;1.26
2019;01;30;11;00;1.25
2019;01;30;12;00;1.97
2019;01;30;13;00;2.65
2019;01;30;14;00;2.78
2019;01;30;15;00;2.71
2019;01;30;16;00;2.47
2019;01;30;17;00;1.91
2019;01;30;18;00;0.26
2019;01;30;19;00;0.30
2019;01;30;20;00;-0.31
2019;01;30;21;00;0.86
2019;01;30;22;00;0.21
2019;01;30;23;00;0.31
2019;01;31;00;00;1.14
2019;01;31;01;00;1.09
2019;01;31;02;00;0.20
2019;01;31;03;00;-0.40
2019;01;31;04;00;-0.96
2019;01;31;05;00;-1.63
2019;01;31;06;00;-2.06
2019;01;31;07;00;-2.26
2019;01;31;08;00;-1.78
2019;01;31;09;00;-2.04
2019;01;31;10;00;-1.30
2019;01;31;11;00;0.40
2019;01;31;12;00;1.99
2019;01;31;13;00;6.86
2019;01;31;14;00;5.28
2019;01;31;15;00;6.11
2019;01;31;16;00;6.68
2019;01;31;17;00;4.98
2019;01;31;18;00;4.71
2019;01;31;19;00;4.76
2019;01;31;20;00;4.13
2019;01;31;21;00;3.56
2019;01;31;22;00;3.48
2019;01;31;23;00;3.33
2019;02;01;00;00;4.41
2019;02;01;01;00;4.75
2019;02;01;02;00;4.98
2019;02;01;03;00;6.15
2019;02;01;04;00;6.34
2019;02;01;05;00;6.03
2019;02;01;06;00;5.58
2019;02;01;07;00;6.47
2019;02;01;08;00;5.32
2019;02;01;09;00;4.51
2019;02;01;10;00;5.39
2019;02;01;11;00;5.21
2019;02;01;12;00;5.16
2019;02;01;13;00;6.95
2019;02;01;14;00;8.32
2019;02;01;15;00;8.69
2019;02;01;16;00;8.64
2019;02;01;17;00;8.48
2019;02;01;18;00;8.18
2019;02;01;19;00;6.86
2019;02;01;20;00;6.01
2019;02;01;21;00;6.00
2019;02;01;22;00;6.19
2019;02;01;23;00;5.79
2019;02;02;00;00;5.59
2019;02;02;01;00;5.46
2019;02;02;02;00;5.17
2019;02;02;03;00;4.87
2019;02;02;04;00;3.94
2019;02;02;05;00;3.65
2019;02;02;06;00;4.05
2019;02;02;07;00;4.01
2019;02;02;08;00;3.76
2019;02;02;09;00;3.84
2019;02;02;10;00;5.56
2019;02;02;11;00;6.81
2019;02;02;12;00;7.83
2019;02;02;13;00;8.06
2019;02;02;14;00;8.92
2019;02;02;15;00;9.01
2019;02;02;16;00;8.40
2019;02;02;17;00;7.43
2019;02;02;18;00;6.34
2019;02;02;19;00;6.13
2019;02;02;20;00;4.54
2019;02;02;21;00;4.21
2019;02;02;22;00;4.24
2019;02;02;23;00;4.00
2019;02;03;00;00;3.52
2019;02;03;01;00;3.26
2019;02;03;02;00;3.13
2019;02;03;03;00;3.01
2019;02;03;04;00;2.86
2019;02;03;05;00;2.90
2019;02;03;06;00;2.27
2019;02;03;07;00;0.70
2019;02;03;08;00;0.08
2019;02;03;09;00;0.39
2019;02;03;10;00;0.95
2019;02;03;11;00;1.25
2019;02;03;12;00;1.72
2019;02;03;13;00;2.56
2019;02;03;14;00;3.22
2019;02;03;15;00;3.38
2019;02;03;16;00;3.76
2019;02;03;17;00;3.59
2019;02;03;18;00;2.33
2019;02;03;19;00;0.82
2019;02;03;20;00;-0.30
2019;02;03;21;00;-0.70
2019;02;03;22;00;-0.64
2019;02;03;23;00;-0.90
2019;02;04;00;00;-0.92
2019;02;04;01;00;-0.32
2019;02;04;02;00;-1.15
2019;02;04;03;00;-1.42
2019;02;04;04;00;-2.76
2019;02;04;05;00;-2.29
2019;02;04;06;00;-1.89
2019;02;04;07;00;-2.27
2019;02;04;08;00;-2.07
2019;02;04;09;00;-1.18
2019;02;04;10;00;-0.34
2019;02;04;11;00;0.80
2019;02;04;12;00;2.02
2019;02;04;13;00;4.41
2019;02;04;14;00;5.18
2019;02;04;15;00;5.52
2019;02;04;16;00;5.46
2019;02;04;17;00;4.32
2019;02;04;18;00;2.09
2019;02;04;19;00;0.97
2019;02;04;20;00;1.01
2019;02;04;21;00;0.76
2019;02;04;22;00;0.84
2019;02;04;23;00;0.77
2019;02;05;00;00;0.53
2019;02;05;01;00;0.57
2019;02;05;02;00;0.65
2019;02;05;03;00;0.78
2019;02;05;04;00;1.06
2019;02;05;05;00;1.17
2019;02;05;06;00;0.99
2019;02;05;07;00;0.72
2019;02;05;08;00;0.47
2019;02;05;09;00;0.72
2019;02;05;10;00;2.05
2019;02;05;11;00;3.39
2019;02;05;12;00;4.50
2019;02;05;13;00;4.90
2019;02;05;14;00;6.02
2019;02;05;15;00;6.54
2019;02;05;16;00;6.55
2019;02;05;17;00;5.43
2019;02;05;18;00;2.93
2019;02;05;19;00;2.34
2019;02;05;20;00;2.20
2019;02;05;21;00;2.19
2019;02;05;22;00;1.82
2019;02;05;23;00;1.14
2019;02;06;00;00;1.12
2019;02;06;01;00;1.39
2019;02;06;02;00;1.38
2019;02;06;03;00;1.35
2019;02;06;04;00;0.86
2019;02;06;05;00;-0.01
2019;02;06;06;00;-0.79
2019;02;06;07;00;-1.02
2019;02;06;08;00;-0.79
2019;02;06;09;00;0.14
2019;02;06;10;00;1.80
2019;02;06;11;00;3.39
2019;02;06;12;00;4.58
2019;02;06;13;00;5.66
2019;02;06;14;00;6.64
2019;02;06;15;00;7.21
2019;02;06;16;00;7.17
2019;02;06;17;00;6.10
2019;02;06;18;00;4.73
2019;02;06;19;00;3.76
2019;02;06;20;00;2.81
2019;02;06;21;00;2.39
2019;02;06;22;00;2.15
2019;02;06;23;00;2.16
2019;02;07;00;00;1.95
2019;02;07;01;00;1.81
2019;02;07;02;00;1.60
2019;02;07;03;00;1.15
2019;02;07;04;00;1.23
2019;02;07;05;00;1.96
2019;02;07;06;00;2.55
2019;02;07;07;00;3.76
2019;02;07;08;00;4.47
2019;02;07;09;00;3.51
2019;02;07;10;00;7.51
2019;02;07;11;00;9.09
2019;02;07;12;00;10.73
2019;02;07;13;00;7.11
2019;02;07;14;00;7.71
2019;02;07;15;00;9.23
2019;02;07;16;00;7.65
2019;02;07;17;00;6.63
2019;02;07;18;00;6.29
2019;02;07;19;00;6.29
2019;02;07;20;00;6.64
2019;02;07;21;00;5.64
2019;02;07;22;00;4.14
2019;02;07;23;00;3.22
2019;02;08;00;00;2.90
2019;02;08;01;00;2.24
2019;02;08;02;00;2.32
2019;02;08;03;00;2.05
2019;02;08;04;00;2.60
2019;02;08;05;00;2.76
2019;02;08;06;00;2.00
2019;02;08;07;00;1.31
2019;02;08;08;00;1.41
2019;02;08;09;00;2.28
2019;02;08;10;00;4.69
2019;02;08;11;00;6.41
2019;02;08;12;00;7.56
2019;02;08;13;00;8.31
2019;02;08;14;00;8.88
2019;02;08;15;00;8.78
2019;02;08;16;00;8.59
2019;02;08;17;00;7.81
2019;02;08;18;00;6.49
2019;02;08;19;00;5.45
2019;02;08;20;00;5.37
2019;02;08;21;00;4.62
2019;02;08;22;00;4.41
2019;02;08;23;00;4.78
2019;02;09;00;00;5.58
2019;02;09;01;00;5.33
2019;02;09;02;00;5.38
2019;02;09;03;00;5.82
2019;02;09;04;00;6.29
2019;02;09;05;00;6.47
2019;02;09;06;00;7.09
2019;02;09;07;00;7.77
2019;02;09;08;00;7.26
2019;02;09;09;00;8.08
2019;02;09;10;00;9.47
2019;02;09;11;00;10.41
2019;02;09;12;00;10.69
2019;02;09;13;00;10.90
2019;02;09;14;00;11.29
2019;02;09;15;00;11.43
2019;02;09;16;00;11.54
2019;02;09;17;00;10.93
2019;02;09;18;00;9.81
2019;02;09;19;00;8.87
2019;02;09;20;00;8.78
2019;02;09;21;00;8.83
2019;02;09;22;00;8.42
2019;02;09;23;00;8.45
2019;02;10;00;00;8.89
2019;02;10;01;00;8.74
2019;02;10;02;00;9.05
2019;02;10;03;00;8.98
2019;02;10;04;00;9.03
2019;02;10;05;00;9.15
2019;02;10;06;00;8.68
2019;02;10;07;00;8.17
2019;02;10;08;00;7.86
2019;02;10;09;00;9.13
2019;02;10;10;00;10.86
2019;02;10;11;00;11.76
2019;02;10;12;00;10.39
2019;02;10;13;00;12.41
2019;02;10;14;00;12.52
2019;02;10;15;00;10.97
2019;02;10;16;00;9.81
2019;02;10;17;00;8.17
2019;02;10;18;00;6.03
2019;02;10;19;00;5.44
2019;02;10;20;00;4.91
2019;02;10;21;00;4.67
2019;02;10;22;00;4.23
2019;02;10;23;00;4.11
2019;02;11;00;00;3.95
2019;02;11;01;00;3.37
2019;02;11;02;00;2.98
2019;02;11;03;00;2.72
2019;02;11;04;00;2.61
2019;02;11;05;00;2.51
2019;02;11;06;00;2.30
2019;02;11;07;00;1.76
2019;02;11;08;00;1.27
2019;02;11;09;00;2.14
2019;02;11;10;00;3.30
2019;02;11;11;00;4.14
2019;02;11;12;00;3.66
2019;02;11;13;00;5.68
2019;02;11;14;00;6.07
2019;02;11;15;00;6.01
2019;02;11;16;00;5.87
2019;02;11;17;00;5.80
2019;02;11;18;00;4.55
2019;02;11;19;00;4.13
2019;02;11;20;00;4.08
2019;02;11;21;00;3.95
2019;02;11;22;00;3.61
2019;02;11;23;00;3.38
2019;02;12;00;00;2.77
2019;02;12;01;00;1.70
2019;02;12;02;00;1.83
2019;02;12;03;00;1.26
2019;02;12;04;00;0.85
2019;02;12;05;00;0.79
2019;02;12;06;00;0.89
2019;02;12;07;00;0.90
2019;02;12;08;00;0.83
2019;02;12;09;00;1.78
2019;02;12;10;00;3.12
2019;02;12;11;00;4.58
2019;02;12;12;00;5.87
2019;02;12;13;00;6.08
2019;02;12;14;00;7.18
2019;02;12;15;00;7.60
2019;02;12;16;00;7.60
2019;02;12;17;00;7.12
2019;02;12;18;00;6.44
2019;02;12;19;00;5.69
2019;02;12;20;00;5.16
2019;02;12;21;00;4.31
2019;02;12;22;00;3.16
2019;02;12;23;00;1.74
2019;02;13;00;00;1.07
2019;02;13;01;00;0.52
2019;02;13;02;00;0.30
2019;02;13;03;00;0.26
2019;02;13;04;00;0.16
2019;02;13;05;00;0.09
2019;02;13;06;00;-0.26
2019;02;13;07;00;-0.35
2019;02;13;08;00;-0.11
2019;02;13;09;00;1.52
2019;02;13;10;00;3.50
2019;02;13;11;00;5.31
2019;02;13;12;00;7.18
2019;02;13;13;00;8.89
2019;02;13;14;00;10.15
2019;02;13;15;00;10.69
2019;02;13;16;00;10.77
2019;02;13;17;00;10.23
2019;02;13;18;00;9.77
2019;02;13;19;00;7.31
2019;02;13;20;00;5.78
2019;02;13;21;00;4.67
2019;02;13;22;00;3.45
2019;02;13;23;00;2.08
2019;02;14;00;00;1.09
2019;02;14;01;00;0.87
2019;02;14;02;00;1.04
2019;02;14;03;00;1.40
2019;02;14;04;00;2.04
2019;02;14;05;00;2.44
2019;02;14;06;00;2.81
2019;02;14;07;00;3.04
2019;02;14;08;00;3.26
2019;02;14;09;00;4.00
2019;02;14;10;00;4.71
2019;02;14;11;00;6.50
2019;02;14;12;00;8.91
2019;02;14;13;00;11.15
2019;02;14;14;00;12.51
2019;02;14;15;00;13.14
2019;02;14;16;00;12.86
2019;02;14;17;00;12.09
2019;02;14;18;00;10.41
2019;02;14;19;00;7.19
2019;02;14;20;00;5.03
2019;02;14;21;00;4.33
2019;02;14;22;00;3.83
2019;02;14;23;00;3.29
2019;02;15;00;00;2.56
2019;02;15;01;00;2.08
2019;02;15;02;00;2.03
2019;02;15;03;00;1.91
2019;02;15;04;00;1.61
2019;02;15;05;00;1.50
2019;02;15;06;00;1.41
2019;02;15;07;00;0.73
2019;02;15;08;00;-0.44
2019;02;15;09;00;0.60
2019;02;15;10;00;3.91
2019;02;15;11;00;6.63
2019;02;15;12;00;9.40
2019;02;15;13;00;12.48
2019;02;15;14;00;13.46
2019;02;15;15;00;13.94
2019;02;15;16;00;13.79
2019;02;15;17;00;12.65
2019;02;15;18;00;10.42
2019;02;15;19;00;8.08
2019;02;15;20;00;5.97
2019;02;15;21;00;5.11
2019;02;15;22;00;4.72
2019;02;15;23;00;3.66
2019;02;16;00;00;3.79
2019;02;16;01;00;4.56
2019;02;16;02;00;4.13
2019;02;16;03;00;3.49
2019;02;16;04;00;3.58
2019;02;16;05;00;3.69
2019;02;16;06;00;3.67
2019;02;16;07;00;3.64
2019;02;16;08;00;3.80
2019;02;16;09;00;4.51
2019;02;16;10;00;5.41
2019;02;16;11;00;7.83
2019;02;16;12;00;10.86
2019;02;16;13;00;12.40
2019;02;16;14;00;13.83
2019;02;16;15;00;14.70
2019;02;16;16;00;15.04
2019;02;16;17;00;15.00
2019;02;16;18;00;13.81
2019;02;16;19;00;12.08
2019;02;16;20;00;10.48
2019;02;16;21;00;9.71
2019;02;16;22;00;9.55
2019;02;16;23;00;8.98
2019;02;17;00;00;8.65
2019;02;17;01;00;8.54
2019;02;17;02;00;8.01
2019;02;17;03;00;6.96
2019;02;17;04;00;6.04
2019;02;17;05;00;5.64
2019;02;17;06;00;5.36
2019;02;17;07;00;5.06
2019;02;17;08;00;5.44
2019;02;17;09;00;5.80
2019;02;17;10;00;6.22
2019;02;17;11;00;8.35
2019;02;17;12;00;10.65
2019;02;17;13;00;13.61
2019;02;17;14;00;15.17
2019;02;17;15;00;15.99
2019;02;17;16;00;16.01
2019;02;17;17;00;15.42
2019;02;17;18;00;13.66
2019;02;17;19;00;10.60
2019;02;17;20;00;9.48
2019;02;17;21;00;8.91
2019;02;17;22;00;8.23
2019;02;17;23;00;8.08
2019;02;18;00;00;8.35
2019;02;18;01;00;8.47
2019;02;18;02;00;8.49
2019;02;18;03;00;8.00
2019;02;18;04;00;7.60
2019;02;18;05;00;7.06
2019;02;18;06;00;6.60
2019;02;18;07;00;5.49
2019;02;18;08;00;4.22
2019;02;18;09;00;3.81
2019;02;18;10;00;5.70
2019;02;18;11;00;8.12
2019;02;18;12;00;10.07
2019;02;18;13;00;11.39
2019;02;18;14;00;12.21
2019;02;18;15;00;12.82
2019;02;18;16;00;13.11
2019;02;18;17;00;12.70
2019;02;18;18;00;12.19
2019;02;18;19;00;11.61
2019;02;18;20;00;10.84
2019;02;18;21;00;9.75
2019;02;18;22;00;8.00
2019;02;18;23;00;5.15
2019;02;19;00;00;5.22
2019;02;19;01;00;5.16
2019;02;19;02;00;5.12
2019;02;19;03;00;4.75
2019;02;19;04;00;4.14
2019;02;19;05;00;4.03
2019;02;19;06;00;4.72
2019;02;19;07;00;4.51
2019;02;19;08;00;4.66
2019;02;19;09;00;5.05
2019;02;19;10;00;7.19
2019;02;19;11;00;9.72
2019;02;19;12;00;10.72
2019;02;19;13;00;12.18
2019;02;19;14;00;12.93
2019;02;19;15;00;13.48
2019;02;19;16;00;13.71
2019;02;19;17;00;13.31
2019;02;19;18;00;12.58
2019;02;19;19;00;11.32
2019;02;19;20;00;10.24
2019;02;19;21;00;9.70
2019;02;19;22;00;9.30
2019;02;19;23;00;8.76
2019;02;20;00;00;8.06
2019;02;20;01;00;7.48
2019;02;20;02;00;7.08
2019;02;20;03;00;6.65
2019;02;20;04;00;5.96
2019;02;20;05;00;5.23
2019;02;20;06;00;4.81
2019;02;20;07;00;4.68
2019;02;20;08;00;4.70
2019;02;20;09;00;5.61
2019;02;20;10;00;7.81
2019;02;20;11;00;9.80
2019;02;20;12;00;11.37
2019;02;20;13;00;12.05
2019;02;20;14;00;13.11
2019;02;20;15;00;13.77
2019;02;20;16;00;14.09
2019;02;20;17;00;13.93
2019;02;20;18;00;13.19
2019;02;20;19;00;12.68
2019;02;20;20;00;12.11
2019;02;20;21;00;11.25
2019;02;20;22;00;10.33
2019;02;20;23;00;9.50
2019;02;21;00;00;8.92
2019;02;21;01;00;8.44
2019;02;21;02;00;7.69
2019;02;21;03;00;6.78
2019;02;21;04;00;6.29
2019;02;21;05;00;5.84
2019;02;21;06;00;5.28
2019;02;21;07;00;5.18
2019;02;21;08;00;5.09
2019;02;21;09;00;5.45
2019;02;21;10;00;7.70
2019;02;21;11;00;10.22
2019;02;21;12;00;12.51
2019;02;21;13;00;13.47
2019;02;21;14;00;14.84
2019;02;21;15;00;15.82
2019;02;21;16;00;16.12
2019;02;21;17;00;15.44
2019;02;21;18;00;14.37
2019;02;21;19;00;13.12
2019;02;21;20;00;11.90
2019;02;21;21;00;11.14
2019;02;21;22;00;10.49
2019;02;21;23;00;10.05
2019;02;22;00;00;9.88
2019;02;22;01;00;8.38
2019;02;22;02;00;8.35
2019;02;22;03;00;8.56
2019;02;22;04;00;8.17
2019;02;22;05;00;7.85
2019;02;22;06;00;7.47
2019;02;22;07;00;7.55
2019;02;22;08;00;7.48
2019;02;22;09;00;8.03
2019;02;22;10;00;8.25
2019;02;22;11;00;10.04
2019;02;22;12;00;11.19
2019;02;22;13;00;11.88
2019;02;22;14;00;12.28
2019;02;22;15;00;12.70
2019;02;22;16;00;12.93
2019;02;22;17;00;12.19
2019;02;22;18;00;11.47
2019;02;22;19;00;10.93
2019;02;22;20;00;8.74
2019;02;22;21;00;7.80
2019;02;22;22;00;8.01
2019;02;22;23;00;7.42
2019;02;23;00;00;6.75
2019;02;23;01;00;6.25
2019;02;23;02;00;5.87
2019;02;23;03;00;5.35
2019;02;23;04;00;5.10
2019;02;23;05;00;4.01
2019;02;23;06;00;3.25
2019;02;23;07;00;2.35
2019;02;23;08;00;2.08
2019;02;23;09;00;3.18
2019;02;23;10;00;5.12
2019;02;23;11;00;7.32
2019;02;23;12;00;9.19
2019;02;23;13;00;12.41
2019;02;23;14;00;13.47
2019;02;23;15;00;13.30
2019;02;23;16;00;12.64
2019;02;23;17;00;11.63
2019;02;23;18;00;9.69
2019;02;23;19;00;8.00
2019;02;23;20;00;6.95
2019;02;23;21;00;5.86
2019;02;23;22;00;5.03
2019;02;23;23;00;4.10
2019;02;24;00;00;2.87
2019;02;24;01;00;1.81
2019;02;24;02;00;1.21
2019;02;24;03;00;0.88
2019;02;24;04;00;0.72
2019;02;24;05;00;0.63
2019;02;24;06;00;0.44
2019;02;24;07;00;0.33
2019;02;24;08;00;0.84
2019;02;24;09;00;2.57
2019;02;24;10;00;4.50
2019;02;24;11;00;6.77
2019;02;24;12;00;8.66
2019;02;24;13;00;9.69
2019;02;24;14;00;11.08
2019;02;24;15;00;11.71
2019;02;24;16;00;10.89
2019;02;24;17;00;9.70
2019;02;24;18;00;8.64
2019;02;24;19;00;8.02
2019;02;24;20;00;7.06
2019;02;24;21;00;6.39
2019;02;24;22;00;6.11
2019;02;24;23;00;5.89
2019;02;25;00;00;3.77
2019;02;25;01;00;2.80
2019;02;25;02;00;2.55
2019;02;25;03;00;2.33
2019;02;25;04;00;2.49
2019;02;25;05;00;2.67
2019;02;25;06;00;2.76
2019;02;25;07;00;2.74
2019;02;25;08;00;3.03
2019;02;25;09;00;3.85
2019;02;25;10;00;5.21
2019;02;25;11;00;6.55
2019;02;25;12;00;8.13
2019;02;25;13;00;11.78
2019;02;25;14;00;12.70
2019;02;25;15;00;13.17
2019;02;25;16;00;12.53
2019;02;25;17;00;11.54
2019;02;25;18;00;11.69
2019;02;25;19;00;11.37
2019;02;25;20;00;10.50
2019;02;25;21;00;9.83
2019;02;25;22;00;8.80
2019;02;25;23;00;8.16
2019;02;26;00;00;7.23
2019;02;26;01;00;5.72
2019;02;26;02;00;5.48
2019;02;26;03;00;5.36
2019;02;26;04;00;5.43
2019;02;26;05;00;5.47
2019;02;26;06;00;4.89
2019;02;26;07;00;4.05
2019;02;26;08;00;2.83
2019;02;26;09;00;3.95
2019;02;26;10;00;7.60
2019;02;26;11;00;10.12
2019;02;26;12;00;11.94
2019;02;26;13;00;13.57
2019;02;26;14;00;14.53
2019;02;26;15;00;15.03
2019;02;26;16;00;15.18
2019;02;26;17;00;14.81
2019;02;26;18;00;13.77
2019;02;26;19;00;12.77
2019;02;26;20;00;12.11
2019;02;26;21;00;11.30
2019;02;26;22;00;10.65
2019;02;26;23;00;9.67
2019;02;27;00;00;8.48
2019;02;27;01;00;7.74
2019;02;27;02;00;6.71
2019;02;27;03;00;5.90
2019;02;27;04;00;5.26
2019;02;27;05;00;4.80
2019;02;27;06;00;4.57
2019;02;27;07;00;4.29
2019;02;27;08;00;4.29
2019;02;27;09;00;5.88
2019;02;27;10;00;8.33
2019;02;27;11;00;10.68
2019;02;27;12;00;12.77
2019;02;27;13;00;14.80
2019;02;27;14;00;15.50
2019;02;27;15;00;16.00
2019;02;27;16;00;16.23
2019;02;27;17;00;16.00
2019;02;27;18;00;15.32
2019;02;27;19;00;14.92
2019;02;27;20;00;14.02
2019;02;27;21;00;13.09
2019;02;27;22;00;12.28
2019;02;27;23;00;11.33
2019;02;28;00;00;10.64
2019;02;28;01;00;8.65
2019;02;28;02;00;8.23
2019;02;28;03;00;8.49
2019;02;28;04;00;7.62
2019;02;28;05;00;7.27
2019;02;28;06;00;7.25
2019;02;28;07;00;6.65
2019;02;28;08;00;5.86
2019;02;28;09;00;7.43
2019;02;28;10;00;11.55
2019;02;28;11;00;15.50
2019;02;28;12;00;16.76
2019;02;28;13;00;16.84
2019;02;28;14;00;16.38
2019;02;28;15;00;15.66
2019;02;28;16;00;15.47
2019;02;28;17;00;14.78
2019;02;28;18;00;13.31
2019;02;28;19;00;12.77
2019;02;28;20;00;11.44
2019;02;28;21;00;10.85
2019;02;28;22;00;11.04
2019;02;28;23;00;10.35
2019;03;01;00;00;10.10
2019;03;01;01;00;9.35
2019;03;01;02;00;8.80
2019;03;01;03;00;8.27
2019;03;01;04;00;8.45
2019;03;01;05;00;8.39
2019;03;01;06;00;7.93
2019;03;01;07;00;7.48
2019;03;01;08;00;7.74
2019;03;01;09;00;7.84
2019;03;01;10;00;7.94
2019;03;01;11;00;8.94
2019;03;01;12;00;9.14
2019;03;01;13;00;9.88
2019;03;01;14;00;10.21
2019;03;01;15;00;10.09
2019;03;01;16;00;8.69
2019;03;01;17;00;9.56
2019;03;01;18;00;8.74
2019;03;01;19;00;8.03
2019;03;01;20;00;7.64
2019;03;01;21;00;6.90
2019;03;01;22;00;6.07
2019;03;01;23;00;6.61
2019;03;02;00;00;6.73
2019;03;02;01;00;5.68
2019;03;02;02;00;5.53
2019;03;02;03;00;5.98
2019;03;02;04;00;5.98
2019;03;02;05;00;5.94
2019;03;02;06;00;4.78
2019;03;02;07;00;3.84
2019;03;02;08;00;4.91
2019;03;02;09;00;7.01
2019;03;02;10;00;9.01
2019;03;02;11;00;10.64
2019;03;02;12;00;11.55
2019;03;02;13;00;11.71
2019;03;02;14;00;12.78
2019;03;02;15;00;13.21
2019;03;02;16;00;12.66
2019;03;02;17;00;11.90
2019;03;02;18;00;10.34
2019;03;02;19;00;9.48
2019;03;02;20;00;9.00
2019;03;02;21;00;8.86
2019;03;02;22;00;8.17
2019;03;02;23;00;7.40
2019;03;03;00;00;7.44
2019;03;03;01;00;6.33
2019;03;03;02;00;6.14
2019;03;03;03;00;5.33
2019;03;03;04;00;4.61
2019;03;03;05;00;5.33
2019;03;03;06;00;5.51
2019;03;03;07;00;4.98
2019;03;03;08;00;5.27
2019;03;03;09;00;7.71
2019;03;03;10;00;10.82
2019;03;03;11;00;13.64
2019;03;03;12;00;14.86
2019;03;03;13;00;15.27
2019;03;03;14;00;14.53
2019;03;03;15;00;14.88
2019;03;03;16;00;15.37
2019;03;03;17;00;16.04
2019;03;03;18;00;15.04
2019;03;03;19;00;12.57
2019;03;03;20;00;10.92
2019;03;03;21;00;12.19
2019;03;03;22;00;12.15
2019;03;03;23;00;11.37
2019;03;04;00;00;10.32
2019;03;04;01;00;9.55
2019;03;04;02;00;9.32
2019;03;04;03;00;9.83
2019;03;04;04;00;10.74
2019;03;04;05;00;10.94
2019;03;04;06;00;10.92
2019;03;04;07;00;10.37
2019;03;04;08;00;12.41
2019;03;04;09;00;11.47
2019;03;04;10;00;12.63
2019;03;04;11;00;12.36
2019;03;04;12;00;12.56
2019;03;04;13;00;12.93
2019;03;04;14;00;12.25
2019;03;04;15;00;11.12
2019;03;04;16;00;8.86
2019;03;04;17;00;7.19
2019;03;04;18;00;7.62
2019;03;04;19;00;7.04
2019;03;04;20;00;6.54
2019;03;04;21;00;6.30
2019;03;04;22;00;5.63
2019;03;04;23;00;5.37
2019;03;05;00;00;5.12
2019;03;05;01;00;4.94
2019;03;05;02;00;4.98
2019;03;05;03;00;4.56
2019;03;05;04;00;4.84
2019;03;05;05;00;4.73
2019;03;05;06;00;4.24
2019;03;05;07;00;3.69
2019;03;05;08;00;4.39
2019;03;05;09;00;6.26
2019;03;05;10;00;7.67
2019;03;05;11;00;8.51
2019;03;05;12;00;9.24
2019;03;05;13;00;11.23
2019;03;05;14;00;11.89
2019;03;05;15;00;12.20
2019;03;05;16;00;12.32
2019;03;05;17;00;12.13
2019;03;05;18;00;11.61
2019;03;05;19;00;10.46
2019;03;05;20;00;8.96
2019;03;05;21;00;7.93
2019;03;05;22;00;7.75
2019;03;05;23;00;6.94
2019;03;06;00;00;6.03
2019;03;06;01;00;5.75
2019;03;06;02;00;5.25
2019;03;06;03;00;3.34
2019;03;06;04;00;1.27
2019;03;06;05;00;0.42
2019;03;06;06;00;1.11
2019;03;06;07;00;0.36
2019;03;06;08;00;2.11
2019;03;06;09;00;6.78
2019;03;06;10;00;10.45
2019;03;06;11;00;13.19
2019;03;06;12;00;15.54
2019;03;06;13;00;16.63
2019;03;06;14;00;17.42
2019;03;06;15;00;17.96
2019;03;06;16;00;17.76
2019;03;06;17;00;16.32
2019;03;06;18;00;15.61
2019;03;06;19;00;14.23
2019;03;06;20;00;13.33
2019;03;06;21;00;12.21
2019;03;06;22;00;11.21
2019;03;06;23;00;11.49
2019;03;07;00;00;10.40
2019;03;07;01;00;8.36
2019;03;07;02;00;8.01
2019;03;07;03;00;7.24
2019;03;07;04;00;6.24
2019;03;07;05;00;7.84
2019;03;07;06;00;5.64
2019;03;07;07;00;7.04
2019;03;07;08;00;7.00
2019;03;07;09;00;8.24
2019;03;07;10;00;9.90
2019;03;07;11;00;11.03
2019;03;07;12;00;9.70
2019;03;07;13;00;10.46
2019;03;07;14;00;11.35
2019;03;07;15;00;11.47
2019;03;07;16;00;11.08
2019;03;07;17;00;10.74
2019;03;07;18;00;10.22
2019;03;07;19;00;8.77
2019;03;07;20;00;7.58
2019;03;07;21;00;7.43
2019;03;07;22;00;7.22
2019;03;07;23;00;7.76
2019;03;08;00;00;7.89
2019;03;08;01;00;7.45
2019;03;08;02;00;7.35
2019;03;08;03;00;7.24
2019;03;08;04;00;7.10
2019;03;08;05;00;6.66
2019;03;08;06;00;6.55
2019;03;08;07;00;6.69
2019;03;08;08;00;7.41
2019;03;08;09;00;7.78
2019;03;08;10;00;7.65
2019;03;08;11;00;8.88
2019;03;08;12;00;9.63
2019;03;08;13;00;11.03
2019;03;08;14;00;11.49
2019;03;08;15;00;11.71
2019;03;08;16;00;11.61
2019;03;08;17;00;11.30
2019;03;08;18;00;10.45
2019;03;08;19;00;8.99
2019;03;08;20;00;7.81
2019;03;08;21;00;6.63
2019;03;08;22;00;7.00
2019;03;08;23;00;7.43
2019;03;09;00;00;8.20
2019;03;09;01;00;8.05
2019;03;09;02;00;7.92
2019;03;09;03;00;7.35
2019;03;09;04;00;6.80
2019;03;09;05;00;6.36
2019;03;09;06;00;6.55
2019;03;09;07;00;6.32
2019;03;09;08;00;7.68
2019;03;09;09;00;9.52
2019;03;09;10;00;10.89
2019;03;09;11;00;11.02
2019;03;09;12;00;10.17
2019;03;09;13;00;13.22
2019;03;09;14;00;13.51
2019;03;09;15;00;12.77
2019;03;09;16;00;11.78
2019;03;09;17;00;11.60
2019;03;09;18;00;11.91
2019;03;09;19;00;11.35
2019;03;09;20;00;10.97
2019;03;09;21;00;10.81
2019;03;09;22;00;10.91
2019;03;09;23;00;10.69
2019;03;10;00;00;10.45
2019;03;10;01;00;9.74
2019;03;10;02;00;9.53
2019;03;10;03;00;10.17
2019;03;10;04;00;11.44
2019;03;10;05;00;11.87
2019;03;10;06;00;11.83
2019;03;10;07;00;12.19
2019;03;10;08;00;12.76
2019;03;10;09;00;13.34
2019;03;10;10;00;14.80
2019;03;10;11;00;13.96
2019;03;10;12;00;13.09
2019;03;10;13;00;14.64
2019;03;10;14;00;14.76
2019;03;10;15;00;13.90
2019;03;10;16;00;12.84
2019;03;10;17;00;11.92
2019;03;10;18;00;10.81
2019;03;10;19;00;9.61
2019;03;10;20;00;8.88
2019;03;10;21;00;8.48
2019;03;10;22;00;7.63
2019;03;10;23;00;7.28
2019;03;11;00;00;6.69
2019;03;11;01;00;6.07
2019;03;11;02;00;5.37
2019;03;11;03;00;4.69
2019;03;11;04;00;4.23
2019;03;11;05;00;3.80
2019;03;11;06;00;3.37
2019;03;11;07;00;2.80
2019;03;11;08;00;3.53
2019;03;11;09;00;4.40
2019;03;11;10;00;5.11
2019;03;11;11;00;4.62
2019;03;11;12;00;4.80
2019;03;11;13;00;4.52
2019;03;11;14;00;5.40
2019;03;11;15;00;5.27
2019;03;11;16;00;5.27
2019;03;11;17;00;5.23
2019;03;11;18;00;4.88
2019;03;11;19;00;3.94
2019;03;11;20;00;3.25
2019;03;11;21;00;2.66
2019;03;11;22;00;2.24
2019;03;11;23;00;1.73
2019;03;12;00;00;1.32
2019;03;12;01;00;0.86
2019;03;12;02;00;0.57
2019;03;12;03;00;0.36
2019;03;12;04;00;-0.05
2019;03;12;05;00;-0.25
2019;03;12;06;00;-0.06
2019;03;12;07;00;-0.10
2019;03;12;08;00;2.28
2019;03;12;09;00;4.71
2019;03;12;10;00;7.40
2019;03;12;11;00;8.89
2019;03;12;12;00;9.85
2019;03;12;13;00;11.22
2019;03;12;14;00;12.21
2019;03;12;15;00;12.80
2019;03;12;16;00;12.94
2019;03;12;17;00;12.45
2019;03;12;18;00;11.15
2019;03;12;19;00;10.51
2019;03;12;20;00;10.70
2019;03;12;21;00;10.97
2019;03;12;22;00;10.68
2019;03;12;23;00;10.95
2019;03;13;00;00;9.39
2019;03;13;01;00;5.70
2019;03;13;02;00;3.92
2019;03;13;03;00;3.56
2019;03;13;04;00;3.60
2019;03;13;05;00;3.48
2019;03;13;06;00;3.33
2019;03;13;07;00;4.08
2019;03;13;08;00;4.56
2019;03;13;09;00;5.05
2019;03;13;10;00;6.13
2019;03;13;11;00;7.09
2019;03;13;12;00;7.41
2019;03;13;13;00;6.86
2019;03;13;14;00;7.90
2019;03;13;15;00;8.12
2019;03;13;16;00;8.22
2019;03;13;17;00;8.06
2019;03;13;18;00;7.18
2019;03;13;19;00;6.49
2019;03;13;20;00;6.00
2019;03;13;21;00;5.81
2019;03;13;22;00;5.57
2019;03;13;23;00;5.34
2019;03;14;00;00;4.92
2019;03;14;01;00;4.41
2019;03;14;02;00;4.31
2019;03;14;03;00;4.10
2019;03;14;04;00;3.85
2019;03;14;05;00;3.75
2019;03;14;06;00;3.65
2019;03;14;07;00;3.97
2019;03;14;08;00;4.22
2019;03;14;09;00;4.41
2019;03;14;10;00;4.10
2019;03;14;11;00;5.19
2019;03;14;12;00;5.18
2019;03;14;13;00;6.80
2019;03;14;14;00;6.60
2019;03;14;15;00;6.23
2019;03;14;16;00;6.15
2019;03;14;17;00;7.23
2019;03;14;18;00;7.00
2019;03;14;19;00;7.75
2019;03;14;20;00;8.51
2019;03;14;21;00;8.72
2019;03;14;22;00;8.57
2019;03;14;23;00;8.33
2019;03;15;00;00;8.21
2019;03;15;01;00;8.07
2019;03;15;02;00;7.91
2019;03;15;03;00;8.09
2019;03;15;04;00;8.48
2019;03;15;05;00;8.75
2019;03;15;06;00;8.70
2019;03;15;07;00;9.03
2019;03;15;08;00;9.28
2019;03;15;09;00;9.87
2019;03;15;10;00;10.65
2019;03;15;11;00;11.40
2019;03;15;12;00;12.41
2019;03;15;13;00;11.85
2019;03;15;14;00;11.93
2019;03;15;15;00;11.74
2019;03;15;16;00;11.81
2019;03;15;17;00;11.86
2019;03;15;18;00;11.83
2019;03;15;19;00;11.53
2019;03;15;20;00;11.53
2019;03;15;21;00;11.61
2019;03;15;22;00;11.15
2019;03;15;23;00;10.67
2019;03;16;00;00;10.27
2019;03;16;01;00;9.82
2019;03;16;02;00;9.46
2019;03;16;03;00;9.04
2019;03;16;04;00;8.55
2019;03;16;05;00;8.18
2019;03;16;06;00;7.73
2019;03;16;07;00;7.56
2019;03;16;08;00;8.50
2019;03;16;09;00;9.81
2019;03;16;10;00;10.81
2019;03;16;11;00;11.78
2019;03;16;12;00;12.68
2019;03;16;13;00;14.46
2019;03;16;14;00;15.31
2019;03;16;15;00;15.82
2019;03;16;16;00;16.20
2019;03;16;17;00;16.15
2019;03;16;18;00;14.98
2019;03;16;19;00;13.44
2019;03;16;20;00;12.08
2019;03;16;21;00;10.49
2019;03;16;22;00;9.04
2019;03;16;23;00;8.71
2019;03;17;00;00;8.57
2019;03;17;01;00;8.89
2019;03;17;02;00;8.66
2019;03;17;03;00;8.87
2019;03;17;04;00;8.64
2019;03;17;05;00;8.62
2019;03;17;06;00;8.97
2019;03;17;07;00;8.60
2019;03;17;08;00;11.55
2019;03;17;09;00;13.35
2019;03;17;10;00;13.77
2019;03;17;11;00;13.66
2019;03;17;12;00;12.27
2019;03;17;13;00;12.75
2019;03;17;14;00;12.49
2019;03;17;15;00;8.09
2019;03;17;16;00;6.93
2019;03;17;17;00;5.51
2019;03;17;18;00;5.58
2019;03;17;19;00;5.75
2019;03;17;20;00;6.04
2019;03;17;21;00;5.82
2019;03;17;22;00;5.10
2019;03;17;23;00;4.04
2019;03;18;00;00;3.78
2019;03;18;01;00;2.91
2019;03;18;02;00;2.90
2019;03;18;03;00;2.48
2019;03;18;04;00;2.14
2019;03;18;05;00;0.75
2019;03;18;06;00;1.31
2019;03;18;07;00;0.75
2019;03;18;08;00;1.83
2019;03;18;09;00;3.33
2019;03;18;10;00;4.87
2019;03;18;11;00;6.54
2019;03;18;12;00;6.27
2019;03;18;13;00;6.96
2019;03;18;14;00;7.41
2019;03;18;15;00;8.06
2019;03;18;16;00;8.01
2019;03;18;17;00;7.68
2019;03;18;18;00;7.06
2019;03;18;19;00;5.97
2019;03;18;20;00;5.12
2019;03;18;21;00;4.84
2019;03;18;22;00;3.94
2019;03;18;23;00;3.35
2019;03;19;00;00;3.21
2019;03;19;01;00;3.62
2019;03;19;02;00;3.99
2019;03;19;03;00;3.97
2019;03;19;04;00;3.55
2019;03;19;05;00;3.16
2019;03;19;06;00;2.68
2019;03;19;07;00;2.51
2019;03;19;08;00;3.80
2019;03;19;09;00;5.33
2019;03;19;10;00;6.31
2019;03;19;11;00;7.35
2019;03;19;12;00;8.34
2019;03;19;13;00;9.17
2019;03;19;14;00;9.81
2019;03;19;15;00;10.10
2019;03;19;16;00;10.13
2019;03;19;17;00;9.86
2019;03;19;18;00;9.46
2019;03;19;19;00;9.20
2019;03;19;20;00;8.79
2019;03;19;21;00;8.41
2019;03;19;22;00;7.12
2019;03;19;23;00;5.14
2019;03;20;00;00;3.46
2019;03;20;01;00;2.57
2019;03;20;02;00;1.58
2019;03;20;03;00;1.06
2019;03;20;04;00;0.64
2019;03;20;05;00;0.09
2019;03;20;06;00;-0.41
2019;03;20;07;00;-0.37
2019;03;20;08;00;1.34
2019;03;20;09;00;3.34
2019;03;20;10;00;6.28
2019;03;20;11;00;8.90
2019;03;20;12;00;10.17
2019;03;20;13;00;10.99
2019;03;20;14;00;12.06
2019;03;20;15;00;12.97
2019;03;20;16;00;13.15
2019;03;20;17;00;12.88
2019;03;20;18;00;11.97
2019;03;20;19;00;9.79
2019;03;20;20;00;7.66
2019;03;20;21;00;6.55
2019;03;20;22;00;5.11
2019;03;20;23;00;3.46
2019;03;21;00;00;2.45
2019;03;21;01;00;1.77
2019;03;21;02;00;1.30
2019;03;21;03;00;0.85
2019;03;21;04;00;0.74
2019;03;21;05;00;0.97
2019;03;21;06;00;0.94
2019;03;21;07;00;0.63
2019;03;21;08;00;1.09
2019;03;21;09;00;2.71
2019;03;21;10;00;4.51
2019;03;21;11;00;7.66
2019;03;21;12;00;10.54
2019;03;21;13;00;10.55
2019;03;21;14;00;12.07
2019;03;21;15;00;13.25
2019;03;21;16;00;14.12
2019;03;21;17;00;14.63
2019;03;21;18;00;14.27
2019;03;21;19;00;13.49
2019;03;21;20;00;11.77
2019;03;21;21;00;9.47
2019;03;21;22;00;7.70
2019;03;21;23;00;6.91
2019;03;22;00;00;6.36
2019;03;22;01;00;5.00
2019;03;22;02;00;4.35
2019;03;22;03;00;4.04
2019;03;22;04;00;3.60
2019;03;22;05;00;3.12
2019;03;22;06;00;2.14
2019;03;22;07;00;1.50
2019;03;22;08;00;3.00
2019;03;22;09;00;6.35
2019;03;22;10;00;9.16
2019;03;22;11;00;11.34
2019;03;22;12;00;13.42
2019;03;22;13;00;15.09
2019;03;22;14;00;16.29
2019;03;22;15;00;17.05
2019;03;22;16;00;17.49
2019;03;22;17;00;17.45
2019;03;22;18;00;16.81
2019;03;22;19;00;16.20
2019;03;22;20;00;15.45
2019;03;22;21;00;14.57
2019;03;22;22;00;13.05
2019;03;22;23;00;11.94
2019;03;23;00;00;11.23
2019;03;23;01;00;10.29
2019;03;23;02;00;9.83
2019;03;23;03;00;9.58
2019;03;23;04;00;9.07
2019;03;23;05;00;8.53
2019;03;23;06;00;8.23
2019;03;23;07;00;8.06
2019;03;23;08;00;8.37
2019;03;23;09;00;10.01
2019;03;23;10;00;11.79
2019;03;23;11;00;13.91
2019;03;23;12;00;15.54
2019;03;23;13;00;16.64
2019;03;23;14;00;17.51
2019;03;23;15;00;17.88
2019;03;23;16;00;17.90
2019;03;23;17;00;17.51
2019;03;23;18;00;16.53
2019;03;23;19;00;14.86
2019;03;23;20;00;13.52
2019;03;23;21;00;12.44
2019;03;23;22;00;11.30
2019;03;23;23;00;10.54
2019;03;24;00;00;9.90
2019;03;24;01;00;9.71
2019;03;24;02;00;9.39
2019;03;24;03;00;8.66
2019;03;24;04;00;7.87
2019;03;24;05;00;7.27
2019;03;24;06;00;6.79
2019;03;24;07;00;6.40
2019;03;24;08;00;7.14
2019;03;24;09;00;8.74
2019;03;24;10;00;11.14
2019;03;24;11;00;13.35
2019;03;24;12;00;15.27
2019;03;24;13;00;16.41
2019;03;24;14;00;17.51
2019;03;24;15;00;18.10
2019;03;24;16;00;18.08
2019;03;24;17;00;17.40
2019;03;24;18;00;16.44
2019;03;24;19;00;13.82
2019;03;24;20;00;12.05
2019;03;24;21;00;11.34
2019;03;24;22;00;11.11
2019;03;24;23;00;10.42
2019;03;25;00;00;9.93
2019;03;25;01;00;9.47
2019;03;25;02;00;9.28
2019;03;25;03;00;8.76
2019;03;25;04;00;8.10
2019;03;25;05;00;7.62
2019;03;25;06;00;7.32
2019;03;25;07;00;6.97
2019;03;25;08;00;7.35
2019;03;25;09;00;8.35
2019;03;25;10;00;8.89
2019;03;25;11;00;9.52
2019;03;25;12;00;10.30
2019;03;25;13;00;10.19
2019;03;25;14;00;10.13
2019;03;25;15;00;9.69
2019;03;25;16;00;9.08
2019;03;25;17;00;8.62
2019;03;25;18;00;8.08
2019;03;25;19;00;6.97
2019;03;25;20;00;5.97
2019;03;25;21;00;5.16
2019;03;25;22;00;5.35
2019;03;25;23;00;4.90
2019;03;26;00;00;3.79
2019;03;26;01;00;3.12
2019;03;26;02;00;2.77
2019;03;26;03;00;2.07
2019;03;26;04;00;2.23
2019;03;26;05;00;1.71
2019;03;26;06;00;1.41
2019;03;26;07;00;1.70
2019;03;26;08;00;2.15
2019;03;26;09;00;3.08
2019;03;26;10;00;4.58
2019;03;26;11;00;5.84
2019;03;26;12;00;7.14
2019;03;26;13;00;9.87
2019;03;26;14;00;10.12
2019;03;26;15;00;10.00
2019;03;26;16;00;9.98
2019;03;26;17;00;10.25
2019;03;26;18;00;9.84
2019;03;26;19;00;8.47
2019;03;26;20;00;7.85
2019;03;26;21;00;7.37
2019;03;26;22;00;6.83
2019;03;26;23;00;6.67
2019;03;27;00;00;5.91
2019;03;27;01;00;4.41
2019;03;27;02;00;3.45
2019;03;27;03;00;2.97
2019;03;27;04;00;2.75
2019;03;27;05;00;2.04
2019;03;27;06;00;1.53
2019;03;27;07;00;1.71
2019;03;27;08;00;3.65
2019;03;27;09;00;6.46
2019;03;27;10;00;8.65
2019;03;27;11;00;9.54
2019;03;27;12;00;11.24
2019;03;27;13;00;11.80
2019;03;27;14;00;13.06
2019;03;27;15;00;13.24
2019;03;27;16;00;13.32
2019;03;27;17;00;13.15
2019;03;27;18;00;12.59
2019;03;27;19;00;11.75
2019;03;27;20;00;10.61
2019;03;27;21;00;8.24
2019;03;27;22;00;5.89
2019;03;27;23;00;4.87
2019;03;28;00;00;3.95
2019;03;28;01;00;3.25
2019;03;28;02;00;2.72
2019;03;28;03;00;2.23
2019;03;28;04;00;1.78
2019;03;28;05;00;1.56
2019;03;28;06;00;1.41
2019;03;28;07;00;1.58
2019;03;28;08;00;2.65
2019;03;28;09;00;4.43
2019;03;28;10;00;7.58
2019;03;28;11;00;11.85
2019;03;28;12;00;13.32
2019;03;28;13;00;14.49
2019;03;28;14;00;15.30
2019;03;28;15;00;15.46
2019;03;28;16;00;15.54
2019;03;28;17;00;15.15
2019;03;28;18;00;14.32
2019;03;28;19;00;12.78
2019;03;28;20;00;11.07
2019;03;28;21;00;9.29
2019;03;28;22;00;8.04
2019;03;28;23;00;7.49
2019;03;29;00;00;6.66
2019;03;29;01;00;5.74
2019;03;29;02;00;4.90
2019;03;29;03;00;4.58
2019;03;29;04;00;4.40
2019;03;29;05;00;4.27
2019;03;29;06;00;3.86
2019;03;29;07;00;3.80
2019;03;29;08;00;4.94
2019;03;29;09;00;6.74
2019;03;29;10;00;9.54
2019;03;29;11;00;11.75
2019;03;29;12;00;13.15
2019;03;29;13;00;14.97
2019;03;29;14;00;15.99
2019;03;29;15;00;16.62
2019;03;29;16;00;16.95
2019;03;29;17;00;16.94
2019;03;29;18;00;16.55
2019;03;29;19;00;15.89
2019;03;29;20;00;14.85
2019;03;29;21;00;13.30
2019;03;29;22;00;10.86
2019;03;29;23;00;10.35
2019;03;30;00;00;9.94
2019;03;30;01;00;9.89
2019;03;30;02;00;9.44
2019;03;30;03;00;9.03
2019;03;30;04;00;8.21
2019;03;30;05;00;7.25
2019;03;30;06;00;7.49
2019;03;30;07;00;8.19
2019;03;30;08;00;8.85
2019;03;30;09;00;10.83
2019;03;30;10;00;13.45
2019;03;30;11;00;15.26
2019;03;30;12;00;16.48
2019;03;30;13;00;17.90
2019;03;30;14;00;18.49
2019;03;30;15;00;18.83
2019;03;30;16;00;18.89
2019;03;30;17;00;18.62
2019;03;30;18;00;17.98
2019;03;30;19;00;17.14
2019;03;30;20;00;16.56
2019;03;30;21;00;15.75
2019;03;30;22;00;14.32
2019;03;30;23;00;13.04
2019;03;31;00;00;11.88
2019;03;31;01;00;11.34
2019;03;31;02;00;10.76
2019;03;31;03;00;10.19
2019;03;31;04;00;9.90
2019;03;31;05;00;9.65
2019;03;31;06;00;9.28
2019;03;31;07;00;9.07
2019;03;31;08;00;9.61
2019;03;31;09;00;11.17
2019;03;31;10;00;13.08
2019;03;31;11;00;14.82
2019;03;31;12;00;17.17
2019;03;31;13;00;18.44
2019;03;31;14;00;19.31
2019;03;31;15;00;19.81
2019;03;31;16;00;19.96
2019;03;31;17;00;19.86
2019;03;31;18;00;18.99
2019;03;31;19;00;17.83
2019;03;31;20;00;16.27
2019;03;31;21;00;13.84
2019;03;31;22;00;11.16
2019;03;31;23;00;10.72
2019;04;01;00;00;10.33
2019;04;01;01;00;8.32
2019;04;01;02;00;7.38
2019;04;01;03;00;6.81
2019;04;01;04;00;6.12
2019;04;01;05;00;5.74
2019;04;01;06;00;5.42
2019;04;01;07;00;5.58
2019;04;01;08;00;6.10
2019;04;01;09;00;7.04
2019;04;01;10;00;8.31
2019;04;01;11;00;10.27
2019;04;01;12;00;12.90
2019;04;01;13;00;14.95
2019;04;01;14;00;16.47
2019;04;01;15;00;17.45
2019;04;01;16;00;17.95
2019;04;01;17;00;18.00
2019;04;01;18;00;17.71
2019;04;01;19;00;17.16
2019;04;01;20;00;16.79
2019;04;01;21;00;15.75
2019;04;01;22;00;14.04
2019;04;01;23;00;12.76
